,date,benchmark,strategy
0,2020-01-02,1.0074956273433833,1.0
1,2020-01-03,1.0057300965189235,1.0050267222265905
2,2020-01-06,1.0019281985081254,1.0099448497740169
3,2020-01-07,1.0094335408916109,1.022695130967306
4,2020-01-08,0.9978086660764188,1.0103334175881322
5,2020-01-09,1.010438573637812,1.021101992557091
6,2020-01-10,1.0101510321460014,1.0170354832160429
7,2020-01-13,1.0200516058191196,1.0196232277682673
8,2020-01-14,1.0166300160855,1.0193515687442232
9,2020-01-15,1.011012353384347,1.0093959092783613
10,2020-01-16,1.0067198458483784,1.0033964133622217
11,2020-01-17,1.008129592948113,1.0001186260918449
12,2020-01-20,1.0156458351326891,1.0044487358911138
13,2020-01-21,0.9982918116073641,0.9960633744113012
14,2020-01-22,1.0025678509655982,0.99464230450233
15,2020-01-23,0.9715027070011438,0.9683911641438303
16,2020-02-03,0.8949394237630593,0.8882833625716843
17,2020-02-04,0.9185433576908347,0.8796544208610484
18,2020-02-05,0.9289501797341659,0.9093501458599669
19,2020-02-06,0.9462376789300093,0.9315986282122771
20,2020-02-07,0.9462604855790302,0.940893777295746
21,2020-02-10,0.9501757059783397,0.9659557889772629
22,2020-02-11,0.9590221385622998,0.9695608159689473
23,2020-02-12,0.9667787687513605,0.9813027385597652
24,2020-02-13,0.9608307354486769,0.969094822515003
25,2020-02-14,0.9675799633695599,0.9691565862030904
26,2020-02-17,0.9893423048174397,1.0000146789154085
27,2020-02-18,0.9845103756035913,1.0123425433450222
28,2020-02-19,0.9830060253389571,1.011740638140467
29,2020-02-20,1.0056553381005746,1.0300759836896913
30,2020-02-21,1.006828369954888,1.0345729260108663
31,2020-02-24,1.0027878610810874,1.0343455954369534
32,2020-02-25,1.0006080193390907,1.0219632497100417
33,2020-02-26,0.9882724656451897,1.0358120632136933
34,2020-02-27,0.991150190847224,1.0407899766447881
35,2020-02-28,0.9560095283217709,0.9947607450125932
36,2020-03-02,0.9874598973215044,1.0343177065582194
37,2020-03-03,0.9927239681057604,1.0479045200114392
38,2020-03-04,0.998472250705851,1.0702432172643448
39,2020-03-05,1.0207157828290458,1.0954060692413141
40,2020-03-06,1.0041633685882663,1.0943124786465153
41,2020-03-09,0.9698604505574954,1.0661152491041028
42,2020-03-10,0.9906300807734499,1.0850156111986384
43,2020-03-11,0.9774541761106927,1.0870205269467514
44,2020-03-12,0.9586453253300359,1.0712328384027008
45,2020-03-13,0.9451549851010381,1.0633542460007162
46,2020-03-16,0.9045195195888974,1.036271141356627
47,2020-03-17,0.9001137489024671,1.0264706621836184
48,2020-03-18,0.882297846305933,1.0077645461610236
49,2020-03-19,0.8708540029697219,1.0090896238425995
50,2020-03-20,0.8864147722634659,1.025601626443436
51,2020-03-23,0.8565900730535474,0.9829693217922547
52,2020-03-24,0.8795943402071983,1.0000909685094292
53,2020-03-25,0.9032282485879725,1.0328064249831213
54,2020-03-26,0.8972906411819842,1.0202039349338345
55,2020-03-27,0.9002055678790447,1.0151505770407483
56,2020-03-30,0.8914827651041923,0.9875073857158236
57,2020-03-31,0.8944051557954779,0.9787429577196602
58,2020-04-01,0.89171687387544,0.9837126141518171
59,2020-04-02,0.9061429383328354,1.016973653678849
60,2020-04-03,0.9009717528100459,1.0119948465138224
61,2020-04-07,0.9215483262229904,1.0437220746433753
62,2020-04-08,0.9172591952558381,1.053989062060858
63,2020-04-09,0.9202839492964952,1.0626034276407068
64,2020-04-10,0.9145498245902122,1.041549634288678
65,2020-04-13,0.9106866151982801,1.0271238286649522
66,2020-04-14,0.9282640254079105,1.0526659042816284
67,2020-04-15,0.9213883834895976,1.048340262776347
68,2020-04-16,0.9226060215951127,1.052635429144552
69,2020-04-17,0.9316094942480448,1.054214604894672
70,2020-04-20,0.93499868076864,1.0581468250237849
71,2020-04-21,0.9239809959598468,1.0506903552069544
72,2020-04-22,0.9315843180770478,1.0594798738310591
73,2020-04-23,0.9292474955041284,1.0519599261242039
74,2020-04-24,0.9212937210866488,1.0329638281202669
75,2020-04-27,0.9275530503389544,1.0245934366758556
76,2020-04-28,0.9339532476727447,0.9992070953099618
77,2020-04-29,0.9382929679340887,1.0005133347526822
78,2020-04-30,0.9493440037646969,1.0291307622287509
79,2020-05-06,0.9550889097959714,1.0444318898401959
80,2020-05-07,0.9523326818332662,1.03859986494495
81,2020-05-08,0.9617293766581473,1.0505750618976157
82,2020-05-11,0.9608944163517871,1.047450571168309
83,2020-05-12,0.9609083372933972,1.0391667584101625
84,2020-05-13,0.9628531224553558,1.0425964144908317
85,2020-05-14,0.9524111130106782,1.0358994444187264
86,2020-05-15,0.9494019385770146,1.0323411043420276
87,2020-05-18,0.9518515503960007,1.0202932397773883
88,2020-05-19,0.9599406245183209,1.0236831214016917
89,2020-05-20,0.9548385105611374,1.016265775078567
90,2020-05-21,0.9496394831551278,1.0105596460304478
91,2020-05-22,0.9278672489529973,0.9991848061143123
92,2020-05-25,0.9291436512035218,0.9984075848840228
93,2020-05-26,0.939685239809249,1.0231712963157489
94,2020-05-27,0.9330960138598081,1.023569877814243
95,2020-05-28,0.9357696047435936,1.0191136285376665
96,2020-05-29,0.93829083536431,1.0278326917109029
97,2020-06-01,0.9636021875900791,1.0576854453042257
98,2020-06-02,0.9665690660564676,1.0688391002254316
99,2020-06-03,0.9665884961366724,1.0750339307259216
100,2020-06-04,0.9662336009826885,1.0839882537444727
101,2020-06-05,0.9708597372129046,1.090567469896701
102,2020-06-08,0.9758833015165774,1.0885523459472983
103,2020-06-09,0.9819673453806944,1.0971512275413644
104,2020-06-10,0.9801902038985513,1.0902536640206406
105,2020-06-11,0.9695576256489384,1.0885938983394177
106,2020-06-12,0.971304259535638,1.0897554111240895
107,2020-06-15,0.959634600755096,1.0848226742141611
108,2020-06-16,0.9740915282362314,1.0960699816941109
109,2020-06-17,0.9748251914781095,1.0995136944470747
110,2020-06-18,0.9813255603534431,1.1073643701460931
111,2020-06-19,0.9945069741547949,1.1062421626919012
112,2020-06-22,0.9953165213379604,1.101392764081469
113,2020-06-23,1.0001082871543123,1.0979564904822365
114,2020-06-24,1.0042804229738904,1.1002536831183614
115,2020-06-29,0.9971776623741596,1.0945530327372315
116,2020-06-30,1.0103402384758007,1.0988221270977108
117,2020-07-01,1.030678201025743,1.104489967886752
118,2020-07-02,1.0520452469699448,1.1181366737620428
119,2020-07-03,1.0723665043899548,1.1333324986664872
120,2020-07-06,1.133147349553423,1.1662923042118012
121,2020-07-07,1.13994894390998,1.163989417194965
122,2020-07-08,1.158359892712785,1.179882743226997
123,2020-07-09,1.174560077511804,1.2023916964959385
124,2020-07-10,1.1532957503452699,1.1963168111155613
125,2020-07-13,1.1775179517946828,1.2267860179412946
126,2020-07-14,1.1662908012431943,1.2323930770591505
127,2020-07-15,1.1511933919718946,1.2146259086659468
128,2020-07-16,1.0958194405297976,1.1825353719025753
129,2020-07-17,1.1027218580464415,1.1823139304132124
130,2020-07-20,1.1356246847795306,1.2173220788924075
131,2020-07-21,1.1382300926684512,1.2251582900582234
132,2020-07-22,1.1439085336082937,1.2264364144515478
133,2020-07-23,1.1434208859855937,1.2217892836906468
134,2020-07-24,1.0932322779600938,1.1969002896976273
135,2020-07-27,1.0987788550019613,1.1987793420388582
136,2020-07-28,1.1084377374335077,1.214791117126351
137,2020-07-29,1.1353100122610924,1.2316012382568395
138,2020-07-30,1.1297639091236202,1.2353283169723497
139,2020-07-31,1.1392015966786893,1.2448951601939298
140,2020-08-03,1.1577063785517514,1.2694770947609575
141,2020-08-04,1.1587961217086016,1.2746327022897828
142,2020-08-05,1.159113163749016,1.286359929833701
143,2020-08-06,1.1556325729181893,1.2869369319907624
144,2020-08-07,1.1423267592130875,1.2757602735166127
145,2020-08-10,1.1464378798417785,1.2912152153748082
146,2020-08-11,1.1359835488828247,1.2779840843431396
147,2020-08-12,1.1277000554823582,1.2782168533393286
148,2020-08-13,1.1248048550557495,1.2963615656009393
149,2020-08-14,1.1415266901178267,1.3011749135674326
150,2020-08-17,1.168361881926484,1.3173645236851175
151,2020-08-18,1.1677626298187054,1.3248510686835768
152,2020-08-19,1.1502736620168363,1.3231179659789258
153,2020-08-20,1.1353455550907354,1.3175393969184082
154,2020-08-21,1.1449756478302715,1.3260191021410268
155,2020-08-24,1.153954714406849,1.329498472835886
156,2020-08-25,1.155435191737573,1.3259757730686734
157,2020-08-26,1.1418910041216663,1.306522005848914
158,2020-08-27,1.148009109864191,1.3201170350504532
159,2020-08-28,1.1754078924748854,1.3272505910382566
160,2020-08-31,1.1686019145026725,1.3270261738011089
161,2020-09-01,1.1748879008772102,1.3296790687877913
162,2020-09-02,1.1753161919744068,1.3294743612165374
163,2020-09-03,1.1688154084327274,1.3295055950516976
164,2020-09-04,1.1574414659948138,1.3331362132116724
165,2020-09-07,1.1329709386422961,1.3226014819262557
166,2020-09-08,1.1390421278496923,1.3370462193823964
167,2020-09-09,1.1124002890342921,1.3201518198283893
168,2020-09-10,1.1117666788578586,1.2886047233110993
169,2020-09-11,1.1227594836859018,1.3136364201802375
170,2020-09-14,1.1285265447476538,1.328269319778441
171,2020-09-15,1.137608922482393,1.3359634702753111
172,2020-09-16,1.1300570189920753,1.3322904685538355
173,2020-09-17,1.124077411809059,1.3476826849886332
174,2020-09-18,1.1494027442144876,1.3653883878826514
175,2020-09-21,1.1383236887865111,1.3633344707171011
176,2020-09-22,1.124816584189532,1.343934898568269
177,2020-09-23,1.128836241269942,1.3504668791323384
178,2020-09-24,1.1071779810748663,1.326084380141183
179,2020-09-25,1.1088656731024082,1.3198540072518496
180,2020-09-28,1.1117499737279264,1.3041300706937629
181,2020-09-29,1.1141498255854125,1.3160377386852575
182,2020-09-30,1.1130812896502493,1.313701942413804
183,2020-10-09,1.1358276343367917,1.351460487862457
184,2020-10-12,1.1702864076755466,1.388455325531748
185,2020-10-13,1.1741791768541316,1.3865353443600317
186,2020-10-14,1.1663906765944911,1.3765054196118434
187,2020-10-15,1.1643608255935873,1.3705344178654113
188,2020-10-16,1.1626476612048013,1.3740053345785221
189,2020-10-19,1.1538670420937298,1.3711966095615227
190,2020-10-20,1.1630823500113334,1.3767566173846686
191,2020-10-21,1.1629273832740905,1.365671345662426
192,2020-10-22,1.1593255913941816,1.3593239193801003
193,2020-10-23,1.1448895157064367,1.3456731390981378
194,2020-10-26,1.1382770092035799,1.3501360972003402
195,2020-10-27,1.1402286659792695,1.3507180694616847
196,2020-10-28,1.1494471727515412,1.3523270782659056
197,2020-10-29,1.1580967572973293,1.348284802129803
198,2020-10-30,1.1392713791008886,1.3198625699578737
199,2020-11-02,1.145458082504624,1.316177386761957
200,2020-11-03,1.1592228726165141,1.3533378615692755
201,2020-11-04,1.1679809812688118,1.3476249397802122
202,2020-11-05,1.1853188920446986,1.3716284427069405
203,2020-11-06,1.1854659208833211,1.360180929819171
204,2020-11-09,1.2086699387395647,1.389697071737571
205,2020-11-10,1.2020036440878483,1.3837618546988981
206,2020-11-11,1.1901197805206587,1.377728303705272
207,2020-11-12,1.1909847745180673,1.385266607469381
208,2020-11-13,1.1784617323978002,1.3809630887823752
209,2020-11-16,1.1899434880856303,1.3969529636594282
210,2020-11-17,1.1876662589904121,1.3875966616818682
211,2020-11-18,1.1869104999561062,1.3935588069017761
212,2020-11-19,1.195722633709461,1.3977398936527745
213,2020-11-20,1.1994347268373617,1.4052205579703785
214,2020-11-23,1.2144150817230377,1.4114719388873285
215,2020-11-24,1.2069559450180878,1.4116082076658365
216,2020-11-25,1.191527632002813,1.4008933453573873
217,2020-11-26,1.193684963286036,1.3953573719413186
218,2020-11-27,1.2085281228492906,1.394903342031495
219,2020-11-30,1.203550823462203,1.3948070630722018
220,2020-12-01,1.2294758818798053,1.4135442282588826
221,2020-12-02,1.2294871371091922,1.4169793773203265
222,2020-12-03,1.2270402502404787,1.4215557518880393
223,2020-12-04,1.229189169720686,1.4209946470875454
224,2020-12-07,1.2185902979211847,1.4148712775726187
225,2020-12-08,1.2155921417647104,1.415423465838575
226,2020-12-09,1.1992917261860987,1.3930314844488374
227,2020-12-10,1.1987642705941985,1.3982487547938616
228,2020-12-11,1.186415032910885,1.3787562555058475
229,2020-12-14,1.197383668614771,1.390051294863472
230,2020-12-15,1.199874391640044,1.3864078333186571
231,2020-12-16,1.2020016299941694,1.388497504743361
232,2020-12-17,1.217436222242681,1.4099286958728536
233,2020-12-18,1.2131874323871734,1.4041017144120407
234,2020-12-21,1.2245604270162964,1.4137179016338632
235,2020-12-22,1.2046476751849817,1.3839143713866098
236,2020-12-23,1.214923699615227,1.3798337981628832
237,2020-12-24,1.2131990430448565,1.3536379374758485
238,2020-12-25,1.2233894092556625,1.3681417572816208
239,2020-12-28,1.2288247372407477,1.3428009862150931
240,2020-12-29,1.2236132106063136,1.3633891113627392
241,2020-12-30,1.2407858472243611,1.3637345409233799
242,2020-12-31,1.26446211081046,1.3878957935400664
243,2021-01-04,1.2781541565976808,1.4028738815944748
244,2021-01-05,1.302608926629057,1.3907865438061346
245,2021-01-06,1.3145376926376957,1.3587729092822638
246,2021-01-07,1.337828434998268,1.2962625320923005
247,2021-01-08,1.3334060776580043,1.3056207189660685
248,2021-01-11,1.3202374592753239,1.262448611367876
249,2021-01-12,1.3578936655687506,1.264671638966478
250,2021-01-13,1.3534336328290655,1.2248225305188587
251,2021-01-14,1.3273463806321928,1.2473902395258705
252,2021-01-15,1.324343603907865,1.3092769204408081
253,2021-01-18,1.3390085754185101,1.3498090028502443
254,2021-01-19,1.3193555231957859,1.3870634911599709
255,2021-01-20,1.3287966465577206,1.3844966540281174
256,2021-01-21,1.3502788512699653,1.3905114597456574
257,2021-01-22,1.3514451299866463,1.3673453991986437
258,2021-01-25,1.3650686965887555,1.3260075842645693
259,2021-01-26,1.3376612652228481,1.3222120926282055
260,2021-01-27,1.3413094997334902,1.3239978433810373
261,2021-01-28,1.3047047688169982,1.3276098901304336
262,2021-01-29,1.298595667257983,1.2981800391613187
263,2021-02-01,1.3145330720698425,1.3000414809015917
264,2021-02-02,1.3347795710715036,1.3023023977613677
265,2021-02-03,1.3309238849118459,1.2707177114380521
266,2021-02-04,1.3281933662625824,1.2411218740970877
267,2021-02-05,1.3304903808663018,1.2304932218505062
268,2021-02-08,1.350180042203558,1.2181256195165415
269,2021-02-09,1.3797063001205752,1.2464511199747939
270,2021-02-10,1.4091794807453257,1.2563173554170968
271,2021-02-18,1.3996345723208339,1.3158326112683565
272,2021-02-19,1.4021726857856307,1.3833013111623793
273,2021-02-22,1.3581314470990613,1.4187400297470862
274,2021-02-23,1.3538453372724286,1.4041215785688186
275,2021-02-24,1.3193664229968762,1.4347753381192143
276,2021-02-25,1.3271285030864821,1.416598444393632
277,2021-02-26,1.2949065584932513,1.4297381829782951
278,2021-03-01,1.3148085289995743,1.4646918622554832
279,2021-03-02,1.2980291145534755,1.4559548947143939
280,2021-03-03,1.322919639676273,1.4728983057873903
281,2021-03-04,1.281305383873817,1.4692384587057628
282,2021-03-05,1.276959799045582,1.5042477031407024
283,2021-03-08,1.2326122996435902,1.488488747189757
284,2021-03-09,1.2061586008730996,1.4464939489914412
285,2021-03-10,1.2140717379886876,1.4398712827960691
286,2021-03-11,1.2443054166916967,1.475857767590507
287,2021-03-12,1.2487123721391151,1.471910628441195
288,2021-03-15,1.2218196009464364,1.4633991762455125
289,2021-03-16,1.2324516460536046,1.4781525942096152
290,2021-03-17,1.237667319351497,1.4995385669165848
291,2021-03-18,1.2475937208141556,1.503287726188587
292,2021-03-19,1.214915761716607,1.50768785488858
293,2021-03-22,1.2270625237470552,1.5339541207404048
294,2021-03-23,1.2154387152167523,1.5221248244687655
295,2021-03-24,1.195891462150265,1.5031304528053495
296,2021-03-25,1.195324080113066,1.5117391878262356
297,2021-03-26,1.2224130477253732,1.5403347458667802
298,2021-03-29,1.2245695496759044,1.5470260899430053
299,2021-03-30,1.2361802073592394,1.5395438148460214
300,2021-03-31,1.2249294800640878,1.546351704564097
301,2021-04-01,1.2400740428227137,1.5595999753295933
302,2021-04-02,1.2523953201467084,1.5746668113881641
303,2021-04-06,1.2472476521295328,1.5947662588259528
304,2021-04-07,1.2383672761432638,1.5993271963648275
305,2021-04-08,1.2404214147444237,1.5949666443616908
306,2021-04-09,1.2217694855566401,1.6008574053413747
307,2021-04-12,1.200516413619493,1.5762417352458094
308,2021-04-13,1.1985505397119463,1.5644551324459908
309,2021-04-14,1.208494831065525,1.5840593378842862
310,2021-04-15,1.200814381007999,1.5832220460494917
311,2021-04-16,1.2049894787300472,1.6108694351782649
312,2021-04-19,1.2343088773785431,1.6307713359380684
313,2021-04-20,1.2334229131116454,1.6287210130331136
314,2021-04-21,1.2371546732719483,1.6331963097809572
315,2021-04-22,1.2348492468652135,1.641724701094455
316,2021-04-23,1.2460615879043506,1.6354978999730672
317,2021-04-26,1.2319360380715856,1.6353217243543772
318,2021-04-27,1.2351588249114025,1.6260396302014863
319,2021-04-28,1.242128062947775,1.6307699110941871
320,2021-04-29,1.2530291672753395,1.6289878128037365
321,2021-04-30,1.2431584495791215,1.6252766601534727
322,2021-05-06,1.2280264452869694,1.6251274167514378
323,2021-05-07,1.2122374910269182,1.6234493584771064
324,2021-05-10,1.2113565027561704,1.6348571980457962
325,2021-05-11,1.2187904040520738,1.6559756366524687
326,2021-05-12,1.224004418684583,1.6724996996873234
327,2021-05-13,1.2114903807478254,1.6775752938600414
328,2021-05-14,1.2400287849529688,1.7002227465030344
329,2021-05-17,1.258079921843689,1.6657280374851775
330,2021-05-18,1.2587145983050119,1.673243596397249
331,2021-05-19,1.2549951596589852,1.6710207590874762
332,2021-05-20,1.2584261090044107,1.6638782866862998
333,2021-05-21,1.2457449012922326,1.6687125966582161
334,2021-05-24,1.250946831362663,1.6798058024484963
335,2021-05-25,1.2904704579255257,1.6944269244234982
336,2021-05-26,1.29098357790947,1.7054866128867643
337,2021-05-27,1.2952637639311624,1.7303483599836083
338,2021-05-28,1.2911038311497618,1.7302440614857055
339,2021-05-31,1.2936470390868076,1.7450449828968175
340,2021-06-01,1.296100086712659,1.762490293360617
341,2021-06-02,1.2835541787053217,1.7582021341778151
342,2021-06-03,1.2751375181697933,1.7686404976072414
343,2021-06-04,1.2816867584358858,1.772450084078619
344,2021-06-07,1.2805583920708237,1.7930562871070221
345,2021-06-08,1.2695158272812805,1.8032941956065918
346,2021-06-09,1.2705670657060175,1.8176223529738256
347,2021-06-10,1.2790635791321439,1.8057166486169527
348,2021-06-11,1.2677170046730553,1.80265226433475
349,2021-06-15,1.2536091077790128,1.7944256946151345
350,2021-06-16,1.2327254443179538,1.779732234264814
351,2021-06-17,1.2379183702048748,1.7892233010181915
352,2021-06-18,1.2380574611448771,1.805587892258273
353,2021-06-21,1.2351262439842303,1.8265507450498077
354,2021-06-22,1.2428356022098659,1.8429111092356933
355,2021-06-23,1.2489588024246394,1.8577594672517117
356,2021-06-24,1.2510405459568217,1.8626519437000173
357,2021-06-25,1.2714209229501374,1.8736636640573991
358,2021-06-28,1.2742821207363877,1.8751883674264904
359,2021-06-29,1.2594287722286355,1.8652524876033556
360,2021-06-30,1.2675563510830687,1.8743823380010571
361,2021-07-01,1.2689207218369596,1.8597117104067225
362,2021-07-02,1.232877449152726,1.8545023898148394
363,2021-07-05,1.2340118577988273,1.8842641286908128
364,2021-07-06,1.2333596468748809,1.8847539718330444
365,2021-07-07,1.2472835503874722,1.8986675735887848
366,2021-07-08,1.2346098066695192,1.8898905912056996
367,2021-07-09,1.2300431454409055,1.9030238712148726
368,2021-07-12,1.2453956337529422,1.9088920657711108
369,2021-07-13,1.2476740476091484,1.920460305225619
370,2021-07-14,1.2333549078309285,1.9094393478773375
371,2021-07-15,1.2499459452799202,1.895807772801811
372,2021-07-16,1.2361907517320336,1.8964220555107667
373,2021-07-19,1.2407334807886878,1.8947546115244793
374,2021-07-20,1.2396414865859604,1.9008424224716993
375,2021-07-21,1.248145700958509,1.9211780345717626
376,2021-07-22,1.2500160831304155,1.924018953256938
377,2021-07-23,1.2348454556300514,1.8939985269016746
378,2021-07-26,1.195069830405021,1.855587031619501
379,2021-07-27,1.152854071448909,1.81827469469891
380,2021-07-28,1.1550789341084533,1.7957562249579193
381,2021-07-29,1.176865977822935,1.8249648885693213
382,2021-07-30,1.1673775824975752,1.8452932018156234
383,2021-08-02,1.1971169789163507,1.8864366289924892
384,2021-08-03,1.1972923235425887,1.89838124980147
385,2021-08-04,1.2080628672092655,1.9023330399874667
386,2021-08-05,1.2007406888745396,1.8897749080491308
387,2021-08-06,1.1941638436774245,1.8795754337642134
388,2021-08-09,1.2096921505200944,1.9425666733869067
389,2021-08-10,1.2236646292331976,1.9977063451927273
390,2021-08-11,1.216917533882093,2.0087014465786437
391,2021-08-12,1.2067291817649666,2.0150720600103535
392,2021-08-13,1.2000885964266919,2.0140229799622356
393,2021-08-16,1.1988958975399762,2.0352904512061816
394,2021-08-17,1.1737429478583155,1.99771893001596
395,2021-08-18,1.1875333288075482,2.0112942450734193
396,2021-08-19,1.179744828547908,2.0122911354384097
397,2021-08-20,1.1572105560782346,1.9955390865937588
398,2021-08-23,1.1733729470017333,2.0451459306018744
399,2021-08-24,1.1861143405721066,2.0554203473974932
400,2021-08-25,1.1884842179765938,2.0680242692420006
401,2021-08-26,1.1650579389589832,2.0520130207043965
402,2021-08-27,1.1712292404698734,2.0453619209925273
403,2021-08-30,1.1678873851507527,2.0319155069538697
404,2021-08-31,1.1660286136365299,2.018966510329227
405,2021-09-01,1.181520785269063,2.038788279388728
406,2021-09-02,1.1815092930874784,2.0367966281936485
407,2021-09-03,1.1751160858435181,2.057205214548506
408,2021-09-06,1.197114609394375,2.1000231067933526
409,2021-09-07,1.211455430298677,2.1197851515690562
410,2021-09-08,1.2064334654223383,2.149831783303899
411,2021-09-09,1.205919279153505,2.1504499771420105
412,2021-09-10,1.2164762104140279,2.1434725650038624
413,2021-09-13,1.2111715615659295,2.1545154232848804
414,2021-09-14,1.1930954262183604,2.141727221256771
415,2021-09-15,1.18100162300408,2.146738281355722
416,2021-09-16,1.1665352174350399,2.1228407744590503
417,2021-09-17,1.1782407744735213,2.1225076526571267
418,2021-09-22,1.1699491062222367,2.1270831588290373
419,2021-09-23,1.1775748203221128,2.1562125750531265
420,2021-09-24,1.1766605402675996,2.1371174497376138
421,2021-09-27,1.1834403350219755,2.0902589972564654
422,2021-09-28,1.1850074183809294,2.1033568980219473
423,2021-09-29,1.1728997534630885,2.0551044498698823
424,2021-09-30,1.1807745043226623,2.1142189970053438
425,2021-10-08,1.1961961826764038,2.160394932121431
426,2021-10-11,1.1977129136933635,2.162524576409135
427,2021-10-12,1.1850095509507081,2.1321867156893415
428,2021-10-13,1.1986633289580135,2.150151204933351
429,2021-10-14,1.1922342234561139,2.169162753300017
430,2021-10-15,1.1967220980790192,2.1529464482323357
431,2021-10-18,1.1828108715090007,2.169618137162366
432,2021-10-19,1.194444868983801,2.1720453979643897
433,2021-10-20,1.1914025212424708,2.1596603277567405
434,2021-10-21,1.1957290314187976,2.1448080040780333
435,2021-10-22,1.2034231062276868,2.132446322036976
436,2021-10-25,1.2082268381300183,2.1430113958729664
437,2021-10-26,1.204241539118263,2.128065592641273
438,2021-10-27,1.1884859951180762,2.0907907060232085
439,2021-10-28,1.1802298696964346,2.0514780370846695
440,2021-10-29,1.1910592959842194,2.0828727691288416
441,2021-11-01,1.1866711782365116,2.1104520939742275
442,2021-11-02,1.174335565304561,2.067312238990177
443,2021-11-03,1.1697899928215354,2.0937321713917205
444,2021-11-04,1.1813468623560108,2.106031534699258
445,2021-11-05,1.174942162930466,2.086219149912557
446,2021-11-08,1.1763577153590423,2.107235856214503
447,2021-11-09,1.1760095141046412,2.129433533798472
448,2021-11-10,1.169809541377839,2.1397438424333926
449,2021-11-11,1.1886044712168857,2.1697541732819046
450,2021-11-12,1.1861106678130438,2.1657194701672124
451,2021-11-15,1.1846555443674651,2.1782440009068917
452,2021-11-16,1.1848843217142664,2.1557760559365633
453,2021-11-17,1.185474806590733,2.199184276489152
454,2021-11-18,1.173795195817891,2.201849227694958
455,2021-11-19,1.1865189364495414,2.2424676755497006
456,2021-11-22,1.1919398103505718,2.2580268571026156
457,2021-11-23,1.1921695355061634,2.2794857004796616
458,2021-11-24,1.1929731588843886,2.291629922503311
459,2021-11-25,1.1880678929653772,2.289828168780064
460,2021-11-26,1.1792564700686152,2.2882336579494056
461,2021-11-29,1.1771446336073352,2.283664877273482
462,2021-11-30,1.1724381705821263,2.3064944747264984
463,2021-12-01,1.1753074247430957,2.342519617077854
464,2021-12-02,1.1782947995745783,2.3330620191023286
465,2021-12-03,1.1891782509634203,2.350539193679428
466,2021-12-06,1.1871409359682916,2.325079486384721
467,2021-12-07,1.1942940489100164,2.3111323083352806
468,2021-12-08,1.2122076350500188,2.3307010500693552
469,2021-12-09,1.2322885044655443,2.3374921102623647
470,2021-12-10,1.226568833843316,2.3516545683618655
471,2021-12-13,1.2335285937917835,2.3497766905440707
472,2021-12-14,1.2252532752421346,2.3625223141990674
473,2021-12-15,1.2146265615594127,2.3705895710155107
474,2021-12-16,1.221622575194116,2.390181201717756
475,2021-12-17,1.2022182043027931,2.379726609537069
476,2021-12-20,1.184179981306843,2.363267442254547
477,2021-12-21,1.1922034196704228,2.403202023960047
478,2021-12-22,1.1924385947265599,2.410142920843151
479,2021-12-23,1.200757275528373,2.3928711567821446
480,2021-12-24,1.1941104109568614,2.352966474755607
481,2021-12-27,1.1936200383838889,2.363035167141626
482,2021-12-28,1.2025104848385568,2.3918204309766233
483,2021-12-29,1.184923063398577,2.3971308698069618
484,2021-12-30,1.1941506928304568,2.409948660014858
485,2021-12-31,1.1987275430035682,2.4273318265172947
486,2022-01-04,1.193241862676489,2.450333465599676
487,2022-01-05,1.1811960422822265,2.4095581219305027
488,2022-01-06,1.169091220790757,2.4224320289915666
489,2022-01-07,1.1700950687759701,2.3795034017316947
490,2022-01-10,1.1753544597543233,2.3864902524476057
491,2022-01-11,1.1641271907267359,2.3600065716451786
492,2022-01-12,1.175726593180684,2.40245442117316
493,2022-01-13,1.1563980469925992,2.371033302200906
494,2022-01-14,1.1468897476826396,2.3688193480341617
495,2022-01-17,1.1567274105472898,2.4088994918052027
496,2022-01-18,1.1679059858982663,2.393103796322623
497,2022-01-19,1.1599064797066463,2.394387990612979
498,2022-01-20,1.1703717104666906,2.3367738135392537
499,2022-01-21,1.1596482018112415,2.3283517945394636
500,2022-01-24,1.1614495124175417,2.3599329798738036
501,2022-01-25,1.135174949508451,2.287750050277435
502,2022-01-26,1.1433906745803988,2.3098810529771687
503,2022-01-27,1.1209624382191599,2.2426364378880255
504,2022-01-28,1.107349297513746,2.261516831100932
505,2022-02-07,1.1244111589794068,2.2916484084041193
506,2022-02-08,1.118268291732231,2.2932929691600505
507,2022-02-09,1.128771671796092,2.3262736677845353
508,2022-02-10,1.1258117834195334,2.287458163125663
509,2022-02-11,1.1164782363553178,2.228727104709605
510,2022-02-14,1.1044172510204078,2.2394824749572355
511,2022-02-15,1.11616451164567,2.3113745920286046
512,2022-02-16,1.1205045280972612,2.343828326557705
513,2022-02-17,1.123216209046814,2.3604847628396395
514,2022-02-18,1.128571447189104,2.3560684768181797
515,2022-02-21,1.1244655395087604,2.366843930506997
516,2022-02-22,1.109868099374437,2.3418070228464383
517,2022-02-23,1.1217315850526317,2.431655854541279
518,2022-02-24,1.0989896239817452,2.3806156269842216
519,2022-02-25,1.1096914515111123,2.4196163420139163
520,2022-02-28,1.1116862335867685,2.4216231454820307
521,2022-03-01,1.1209162325406246,2.4367609403070385
522,2022-03-02,1.1109472981584934,2.4298152059578553
523,2022-03-03,1.104402796936353,2.393389399267485
524,2022-03-04,1.0910095478703297,2.368603744946328
525,2022-03-07,1.056153761124464,2.296801552670382
526,2022-03-08,1.034950449148817,2.227808756545612
527,2022-03-09,1.0254766263836108,2.194120222627144
528,2022-03-10,1.041609990662901,2.2443906832574445
529,2022-03-11,1.0449302833320384,2.2583920898049517
530,2022-03-14,1.0129592711160862,2.192070105815581
531,2022-03-15,0.9666283633439238,2.0851761097211985
532,2022-03-16,1.0084275603366215,2.145735385460262
533,2022-03-17,1.0282304848243398,2.2337038228643245
534,2022-03-18,1.0350743751481717,2.240095573093135
535,2022-03-21,1.0333381079201178,2.2639799709930823
536,2022-03-22,1.032500718853732,2.252112662565751
537,2022-03-23,1.0376501640123899,2.279437492906604
538,2022-03-24,1.031532887602557,2.2530331159060286
539,2022-03-25,1.012914724102934,2.238117145475972
540,2022-03-28,1.0065799255756867,2.2210762566737547
541,2022-03-29,1.003104784645405,2.182475080689015
542,2022-03-30,1.0322105708877474,2.250859990046837
543,2022-03-31,1.024566848420852,2.2223173622323085
544,2022-04-01,1.037562965603666,2.2103693828095734
545,2022-04-06,1.0345744060111954,2.1915666556430717
546,2022-04-07,1.021291932097559,2.135653606976015
547,2022-04-08,1.0265493089822324,2.115201793290474
548,2022-04-11,0.9948371670421791,2.022361055838422
549,2022-04-12,1.0142245958513723,2.0537764475387226
550,2022-04-13,1.0044618098811697,1.994115500054726
551,2022-04-14,1.0170381662459014,2.0067153235472692
552,2022-04-15,1.0163536113469798,1.9958802919999088
553,2022-04-18,1.0109275244976017,2.0557460832914076
554,2022-04-19,1.0032886595507577,2.049557156897524
555,2022-04-20,0.9877323331107192,2.0194753996999033
556,2022-04-21,0.9695444155639231,1.9386627972939647
557,2022-04-22,0.9737711096270029,1.9031457315646925
558,2022-04-25,0.9256467699091109,1.7342800815796684
559,2022-04-26,0.9181752524518354,1.6694703790406844
560,2022-04-27,0.9452091879162459,1.7735811874056473
561,2022-04-28,0.9514137812109016,1.7377949562566868
562,2022-04-29,0.9744968942083101,1.8323202144284536
563,2022-05-05,0.9730335959119134,1.8620089900113874
564,2022-05-06,0.9484311454233713,1.853647432933112
565,2022-05-09,0.9408174566475243,1.8749860288241453
566,2022-05-10,0.9511131481101722,1.9280242843820214
567,2022-05-11,0.9648355237786885,1.9719194985346054
568,2022-05-12,0.960544911860301,1.994655186075957
569,2022-05-13,0.9677901399688503,2.0029703878242144
570,2022-05-16,0.96001058465467,2.008409065911201
571,2022-05-17,0.9719861487223385,2.0148618796320923
572,2022-05-18,0.9685925193480379,2.044226211546971
573,2022-05-19,0.9704587548564859,2.0683020311463154
574,2022-05-20,0.9893849562130137,2.1014715081720814
575,2022-05-23,0.9836544450277445,2.150300339366265
576,2022-05-24,0.9606453795920917,2.0576411822325458
577,2022-05-25,0.9664746406057187,2.1023120876701036
578,2022-05-26,0.9688685686582643,2.110010055395486
579,2022-05-27,0.9708713478705903,2.0987410746749595
580,2022-05-30,0.9775970582858596,2.1179896869078125
581,2022-05-31,0.9927619396954315,2.155758956821857
582,2022-06-01,0.9907382494516657,2.1739111027708753
583,2022-06-02,0.9922889238709344,2.198560293495547
584,2022-06-06,1.0108548986490316,2.2292495925907407
585,2022-06-07,1.0140197506765307,2.223133459007459
586,2022-06-08,1.0238911792293415,2.226026327806991
587,2022-06-09,1.0131817692296505,2.188953920233441
588,2022-06-10,1.0285453942949752,2.223410230935258
589,2022-06-13,1.0165005217095033,2.2285636402633573
590,2022-06-14,1.0244976583791472,2.229856885438231
591,2022-06-15,1.0380626977884444,2.2306307685422735
592,2022-06-16,1.031230892026691,2.2448516641164877
593,2022-06-17,1.045542449334587,2.262074698120739
594,2022-06-20,1.0507320578907413,2.2700994460227153
595,2022-06-21,1.0495512066139066,2.259050236868253
596,2022-06-22,1.0362198020714617,2.239122945394735
597,2022-06-23,1.0539944157475607,2.2840804263107835
598,2022-06-24,1.0663434164786767,2.313688691069288
599,2022-06-27,1.078351916901814,2.32924993831216
600,2022-06-28,1.0895746838376468,2.3621772084731436
601,2022-06-29,1.0727938476783623,2.325225123027354
602,2022-06-30,1.0882387473474704,2.345313386281168
603,2022-07-01,1.08380015878167,2.3460703463395314
604,2022-07-04,1.0909125159454043,2.377297400182063
605,2022-07-05,1.0893372577356326,2.366527397108852
606,2022-07-06,1.0734278132830923,2.361342020464501
607,2022-07-07,1.0781602225739408,2.380247610893312
608,2022-07-08,1.074595158284663,2.387833957032926
609,2022-07-11,1.0566000605886794,2.365128590084656
610,2022-07-12,1.0466522149521362,2.3399183240660277
611,2022-07-13,1.0485554150034126,2.3569750592434535
612,2022-07-14,1.04870398403132,2.371960949539249
613,2022-07-15,1.0308586401242317,2.339902188324186
614,2022-07-18,1.041548975472014,2.3821745496369298
615,2022-07-19,1.035908683835988,2.3986250388591577
616,2022-07-20,1.039417827406628,2.4227601083619827
617,2022-07-21,1.0278329975128333,2.416929788836987
618,2022-07-22,1.0283610454852274,2.4210172156987944
619,2022-07-25,1.022151950098817,2.4054402005237994
620,2022-07-26,1.0302394840318527,2.425169994314223
621,2022-07-27,1.0251586365344054,2.438217209045785
622,2022-07-28,1.0253133663194507,2.4463169090919026
623,2022-07-29,1.0118296015139367,2.434383168769233
624,2022-08-01,1.0163369062170469,2.444575044511708
625,2022-08-02,0.996524385165325,2.369194468383366
626,2022-08-03,0.986807034779016,2.362627359800179
627,2022-08-04,0.9951929507669034,2.406737996503044
628,2022-08-05,1.008628969704597,2.440275114127547
629,2022-08-08,1.0064849077444407,2.467860460711842
630,2022-08-09,1.00847838658301,2.476464339672607
631,2022-08-10,0.9971827568464096,2.4908387354618178
632,2022-08-11,1.0175172835894863,2.5115304212552463
633,2022-08-12,1.016937106133616,2.5124606530319915
634,2022-08-15,1.0156092260181588,2.5315411424533196
635,2022-08-16,1.0137063813951788,2.544538457448942
636,2022-08-17,1.023198804907898,2.551500617793012
637,2022-08-18,1.0142553996370622,2.5401238957989984
638,2022-08-19,1.0072125879433291,2.532927559916801
639,2022-08-22,1.0145700721555002,2.55825754234627
640,2022-08-23,1.009641111016727,2.5716945810036074
641,2022-08-24,0.9905543745463123,2.5113780521348823
642,2022-08-25,0.9987605030542565,2.5084079883650103
643,2022-08-26,0.9966509176388537,2.497094320470339
644,2022-08-29,0.9922773724512995,2.520119725843314
645,2022-08-30,0.9889467131235163,2.517432084153519
646,2022-08-31,0.989685885503989,2.4569018636565123
647,2022-09-01,0.9811691126649663,2.4431606092752505
648,2022-09-02,0.9762856463481359,2.462438665958645
649,2022-09-05,0.974299276075495,2.4665302539324263
650,2022-09-06,0.9832414373472934,2.498784985082315
651,2022-09-07,0.9838972025542043,2.508995931408121
652,2022-09-08,0.9796997720875305,2.4955645731290335
653,2022-09-09,0.9933126758407468,2.496412518304932
654,2022-09-13,0.9975168594450528,2.4943058323710416
655,2022-09-14,0.9864148196539071,2.481229380160011
656,2022-09-15,0.9771362454995391,2.416307335470266
657,2022-09-16,0.9542223756092799,2.3862634683496626
658,2022-09-19,0.9530861898216964,2.364797232704026
659,2022-09-20,0.9542596363423554,2.415094940075128
660,2022-09-21,0.9471985200913563,2.396579737794327
661,2022-09-22,0.9388539522619533,2.398888421136902
662,2022-09-23,0.9356213319059351,2.351820651439861
663,2022-09-26,0.9309277235374469,2.353159948127168
664,2022-09-27,0.9444227435723476,2.427800481308677
665,2022-09-28,0.9289944897951221,2.352235402952165
666,2022-09-29,0.928614418470141,2.360174156700972
667,2022-09-30,0.9232137447439576,2.3111551341147067
668,2022-10-10,0.9028445045039297,2.2470204451287343
669,2022-10-11,0.9044823773319223,2.2565651233174617
670,2022-10-12,0.9182205103215801,2.351461011873439
671,2022-10-13,0.9105449770221546,2.3687475633272745
672,2022-10-14,0.9323332054976243,2.4372161673456305
673,2022-10-17,0.9332897222813632,2.4737678179712277
674,2022-10-18,0.9313133632390719,2.4788003405495047
675,2022-10-19,0.9163344893046311,2.4541532009881797
676,2022-10-20,0.9110919219323089,2.4597651468713697
677,2022-10-21,0.908171960001049,2.45390060064542
678,2022-10-24,0.8815982449424644,2.4261845151138406
679,2022-10-25,0.8801620184346457,2.4300467399211976
680,2022-10-26,0.8873073711918985,2.4727163220010606
681,2022-10-27,0.8810575200274977,2.44858627969248
682,2022-10-28,0.8592648486983226,2.347195022256271
683,2022-10-31,0.8513484534900173,2.3693668205858094
684,2022-11-01,0.8817923087923144,2.4522342963692294
685,2022-11-02,0.8923791552677867,2.520024110582669
686,2022-11-03,0.8851221387874059,2.541708177091211
687,2022-11-04,0.9140636579187486,2.605705926708652
688,2022-11-07,0.9160345078224453,2.625408398342753
689,2022-11-08,0.9097327048887165,2.626211983038053
690,2022-11-09,0.901227068802982,2.6255499990622586
691,2022-11-10,0.8942919518830668,2.6132432684201654
692,2022-11-11,0.9192231735458054,2.6332390390011944
693,2022-11-14,0.920576703736655,2.626020717953006
694,2022-11-15,0.9380359340377229,2.6715646011527987
695,2022-11-16,0.9303727222525735,2.669890968680221
696,2022-11-17,0.926557021776264,2.6861590610367716
697,2022-11-18,0.9224089958427938,2.6673588823104115
698,2022-11-21,0.9145373845998385,2.6670759659636243
699,2022-11-22,0.9146455532780515,2.6444496731508442
700,2022-11-23,0.9156054466306064,2.6406681202170184
701,2022-11-24,0.9115483511029725,2.6499372735034212
702,2022-11-25,0.9161507921134266,2.637813051832027
703,2022-11-28,0.905830398384177,2.6270800779435315
704,2022-11-29,0.9337775476182113,2.659932260233076
705,2022-11-30,0.9348971467519616,2.6537359933980875
706,2022-12-01,0.9450230027269659,2.6767601104960237
707,2022-12-02,0.939243087008493,2.688709296486275
708,2022-12-05,0.9576662388494753,2.715714409544441
709,2022-12-06,0.962839793894241,2.7117065808358367
710,2022-12-07,0.9604723452497793,2.714939356089197
711,2022-12-08,0.9606515995872782,2.7118078212061794
712,2022-12-09,0.9701301613964367,2.709310349857305
713,2022-12-12,0.9592597423784638,2.697120937933532
714,2022-12-13,0.957376387073738,2.692244300187835
715,2022-12-14,0.9596097207743473,2.6882339952005556
716,2022-12-15,0.9589067428420608,2.6884916252401405
717,2022-12-16,0.9594498965170531,2.6665263954580287
718,2022-12-19,0.9446473742556903,2.6229778221786137
719,2022-12-20,0.929069129737372,2.609179413688111
720,2022-12-21,0.9294381827851637,2.593113314305651
721,2022-12-22,0.9307702095640794,2.5749976354695003
722,2022-12-23,0.928875362077769,2.5634190636351746
723,2022-12-26,0.9325804651158398,2.637869792552173
724,2022-12-27,0.9433452034536748,2.6711260374283445
725,2022-12-28,0.9393199187585712,2.6488362781785852
726,2022-12-29,0.9357861913974285,2.640243803752262
727,2022-12-30,0.9394095459273205,2.6516427256470343
728,2023-01-03,0.9433561624928145,2.6958364327419355
729,2023-01-04,0.9445811461164558,2.7107068736051168
730,2023-01-05,0.9629320275371644,2.7244478791166196
731,2023-01-06,0.9659191061784,2.7188839651213934
732,2023-01-09,0.9737395357466696,2.724463532010116
733,2023-01-10,0.9747959871197542,2.720983717288896
734,2023-01-11,0.9729901151836498,2.6953320701324266
735,2023-01-12,0.97489195275979,2.7048648158140067
736,2023-01-13,0.9886030139608699,2.7131900251227887
737,2023-01-16,1.0040317416424906,2.731254508633218
738,2023-01-17,1.0038565154923513,2.7326298399020805
739,2023-01-18,1.0021755766024416,2.744312747786494
740,2023-01-19,1.0084097889217996,2.762588179699352
741,2023-01-20,1.0146017052738827,2.774790045960968
742,2023-01-30,1.0194104131723645,2.8064673476569095
743,2023-01-31,1.0086160558098272,2.817661319479809
744,2023-02-01,1.0180972240931594,2.8652818041825108
745,2023-02-02,1.0145101232495028,2.870858926419995
746,2023-02-03,1.004921615620649,2.8717171791594547
747,2023-02-06,0.9916361798045424,2.8773748786571196
748,2023-02-07,0.9934209037570094,2.911975258784942
749,2023-02-08,0.9890310088678195,2.900392551206051
750,2023-02-09,1.00230708507212,2.9336297028532288
751,2023-02-10,0.9963510546327669,2.9429066982262686
752,2023-02-13,1.0053929135417135,2.965627899204267
753,2023-02-14,1.0058092385529303,2.972101040610569
754,2023-02-15,1.000568092893794,2.9742707630794896
755,2023-02-16,0.993239931516078,2.9149530888880015
756,2023-02-17,0.978928966588676,2.9158335065457095
757,2023-02-20,1.0029460266730001,2.944936173274234
758,2023-02-21,1.0055820013954135,2.961732527740041
759,2023-02-22,0.9965066137505039,2.9583767340954865
760,2023-02-23,0.9957048859898597,2.9508001705952216
761,2023-02-24,0.9853682610350731,2.9485989284907825
762,2023-02-27,0.9811945850262107,2.927028286379247
763,2023-02-28,0.9874096042175616,2.951976899012687
764,2023-03-01,1.0013571437118653,2.9669998976660836
765,2023-03-02,0.9991239877254043,2.9733366634482064
766,2023-03-03,1.0022330375103643,2.9823475706035354
767,2023-03-06,0.9970063459352826,2.9730644713255097
768,2023-03-07,0.9824095574195025,2.9372668624555724
769,2023-03-08,0.9788320531398497,2.9597624076670574
770,2023-03-09,0.9753727287687594,2.9617323896662615
771,2023-03-10,0.9625819306651826,2.923223980373369
772,2023-03-13,0.9726637727694792,2.929262104377162
773,2023-03-14,0.9668427458447194,2.8972707143256065
774,2023-03-15,0.9673781393352396,2.9482291385379527
775,2023-03-16,0.9557917100141112,2.9083763144911687
776,2023-03-17,0.960564164226357,2.923641410966728
777,2023-03-20,0.9557738793612403,2.9189513753630476
778,2023-03-21,0.9662804582797692,2.9413756560085482
779,2023-03-22,0.970420960980965,2.9548834196227514
780,2023-03-23,0.9800408647760033,2.9523135326085006
781,2023-03-24,0.9771185333227671,2.953999322181811
782,2023-03-27,0.9735836212006362,2.938379263472875
783,2023-03-28,0.9704384362055394,2.9210970276281163
784,2023-03-29,0.9720469861990765,2.903894631066317
785,2023-03-30,0.9799040248818782,2.9028924144515647
786,2023-03-31,0.9829127846491958,2.929977721472719
787,2023-04-03,0.9925314444451966,2.94234509746241
788,2023-04-04,0.9955734959962798,2.925772414579403
789,2023-04-06,0.9940048724480415,2.9138740211884375
790,2023-04-07,1.0004686914468923,2.931555660028615
791,2023-04-10,0.9959876884377179,2.915897819893119
792,2023-04-11,0.9948560047418891,2.921311653874547
793,2023-04-12,0.9941619717550628,2.9298268990803167
794,2023-04-13,0.9872930829743821,2.9322666655791427
795,2023-04-14,0.9928786978908073,2.9479467172490765
796,2023-04-17,1.0068025421653493,2.9756986587302823
797,2023-04-18,1.0098715470289115,2.9668139771235986
798,2023-04-19,1.0007790988257732,2.9601948238667464
799,2023-04-20,0.9979790347065085,2.9462951114357048
800,2023-04-21,0.9784582610481052,2.8984593605999773
801,2023-04-24,0.9663446723253237,2.894783804233044
802,2023-04-25,0.961497459694729,2.8271950949803735
803,2023-04-26,0.9606643950059497,2.900737466642299
804,2023-04-27,0.9677460668600923,2.9108712872634492
805,2023-04-28,0.9776135264635931,2.9698704533661546
806,2023-05-04,0.9778953218646116,2.98480443814621
807,2023-05-05,0.9746513278031075,2.9535201675863596
808,2023-05-08,0.9857605353982312,2.944715707252644
809,2023-05-09,0.9773198834526937,2.888449663005107
810,2023-05-10,0.9697965919402385,2.9282413473595583
811,2023-05-11,0.9682908792004681,2.9595359492581768
812,2023-05-12,0.9554548824651955,2.9285583984307846
813,2023-05-15,0.970286194418569,2.9537897502388146
814,2023-05-16,0.9652679615393427,2.926192335533056
815,2023-05-17,0.960890684354676,2.9608804824038564
816,2023-05-18,0.9598970845520097,2.960560076838987
817,2023-05-19,0.95709950843082,2.9619717450357
818,2023-05-22,0.9631138883488369,2.9819064650698723
819,2023-05-23,0.9494922766023582,2.980692317468775
820,2023-05-24,0.9363667835196445,2.9723584271474603
821,2023-05-25,0.9342815449425472,2.963435382429365
822,2023-05-26,0.9343911353339459,2.9670487474327802
823,2023-05-29,0.9302639611938661,2.92214234026395
824,2023-05-30,0.9311887856211734,2.9281045134123187
825,2023-05-31,0.921674977172619,2.934139812377609
826,2023-06-01,0.9236948169431735,2.927229759620016
827,2023-06-02,0.9370316713861634,2.9763228027285775
828,2023-06-05,0.9327649916397354,3.0073697149303205
829,2023-06-06,0.9240090155572163,2.962274138241415
830,2023-06-07,0.9194422950905532,2.991002627237699
831,2023-06-08,0.9269264894904012,2.9822325398674714
832,2023-06-09,0.9309338842945847,2.9897076872658044
833,2023-06-12,0.9328094201767891,3.007661188304829
834,2023-06-13,0.9377774784281696,3.025021712321634
835,2023-06-14,0.9375632736415219,3.0372853825187165
836,2023-06-15,0.9524794737196925,3.035399595267533
837,2023-06-16,0.9616636816613588,3.06305146098415
838,2023-06-19,0.9537917742281565,3.045895902105633
839,2023-06-20,0.9521733314803689,3.0127753576446548
840,2023-06-21,0.9375651100210537,2.9829790679397306
841,2023-06-26,0.924381089745528,2.948699019143526
842,2023-06-27,0.9330522961793488,3.0110615954415008
843,2023-06-28,0.9319277210494487,2.993987876830637
844,2023-06-29,0.9273284788936623,3.004437700253492
845,2023-06-30,0.9323288218819683,3.0427304129448545
846,2023-07-03,0.9445652110811658,3.0783166999650367
847,2023-07-04,0.9460528562158677,3.096959637274201
848,2023-07-05,0.9387232731249661,3.095609079574422
849,2023-07-06,0.9324023363012794,3.0915702655512725
850,2023-07-07,0.9282639069318128,3.0851685072587443
851,2023-07-10,0.9327838293394461,3.0816468077134793
852,2023-07-11,0.9388884288067065,3.105722491515369
853,2023-07-12,0.9325679066493658,3.0746722868754954
854,2023-07-13,0.945909618612407,3.085783207476062
855,2023-07-14,0.9460745965799993,3.092198972470271
856,2023-07-17,0.9383276221929916,3.101972064779285
857,2023-07-18,0.9353587888709728,3.11671478616457
858,2023-07-19,0.934370520492753,3.1347113441610346
859,2023-07-20,0.9277776217842492,3.1293978530120437
860,2023-07-21,0.9273445916431003,3.1444869965290763
861,2023-07-24,0.9232951970618891,3.1452586674275236
862,2023-07-25,0.94995984252631,3.1901240366016523
863,2023-07-26,0.9479938501426646,3.223395390854485
864,2023-07-27,0.9468614555902429,3.2230825695239727
865,2023-07-28,0.968794047192112,3.2614331458981862
866,2023-07-31,0.9741060415583366,3.3052656565751977
867,2023-08-01,0.9700711602992295,3.3240909097761917
868,2023-08-02,0.9632515575756535,3.312373681268729
869,2023-08-03,0.9717654869883047,3.321939162619544
870,2023-08-04,0.9755494951081826,3.305292949461958
871,2023-08-07,0.9681669532011131,3.2720362096937228
872,2023-08-08,0.96563843630032,3.265801047086259
873,2023-08-09,0.9626862488701838,3.247298467617163
874,2023-08-10,0.9646640888637104,3.263085068469351
875,2023-08-11,0.9424716791771518,3.2154664665418466
876,2023-08-14,0.9355933715466157,3.2234787207782847
877,2023-08-15,0.9333197559724112,3.2184228112306283
878,2023-08-16,0.9264768726954192,3.201266869311088
879,2023-08-17,0.9295746672509922,3.225350143741491
880,2023-08-18,0.9181471143783674,3.1923454188922302
881,2023-08-21,0.9049356668859673,3.175564844444229
882,2023-08-22,0.9118926426461129,3.1903594013158174
883,2023-08-23,0.896947712113981,3.13052994337641
884,2023-08-24,0.9034493249883523,3.137018586812359
885,2023-08-25,0.899985024621112,3.0969164859601226
886,2023-08-28,0.9105320038893348,3.101223567953575
887,2023-08-29,0.9196278878993384,3.24098593519117
888,2023-08-30,0.9192404118181817,3.295375264123504
889,2023-08-31,0.9136010087528971,3.2827992467433527
890,2023-09-01,0.9199638268775128,3.2819847521409997
891,2023-09-04,0.9339059757093205,3.312916024829773
892,2023-09-05,0.9269581818468327,3.299507008710522
893,2023-09-06,0.9249469315934419,3.306220151451947
894,2023-09-07,0.9119527692662585,3.2560203360539615
895,2023-09-08,0.9074682712121691,3.25749102119078
896,2023-09-11,0.9141516264221141,3.2832865654988046
897,2023-09-12,0.9124695620092657,3.276160744437901
898,2023-09-13,0.9066575392680154,3.2534208192860983
899,2023-09-14,0.9058947901438795,3.239666955442415
900,2023-09-15,0.8998940349772256,3.234128954507893
901,2023-09-18,0.9044882418988125,3.2356777556493292
902,2023-09-19,0.9027391200140379,3.2175679033936144
903,2023-09-20,0.8991450290805516,3.199914883588011
904,2023-09-21,0.8910785246550547,3.187112375374321
905,2023-09-22,0.9072110596016534,3.237299572424142
906,2023-09-25,0.9013079287404187,3.222840665718547
907,2023-09-26,0.8960400074829512,3.211029616081292
908,2023-09-27,0.8978846211033664,3.2157970934694657
909,2023-09-28,0.8952209229738316,3.231040715414991
910,2023-10-09,0.8940587316825594,3.20521742943016
911,2023-10-10,0.8873615740071031,3.1954785740726
912,2023-10-11,0.8898904463361927,3.2037070429372947
913,2023-10-12,0.8983425312252654,3.2150366791240663
914,2023-10-13,0.8888864206368313,3.2063282285531103
915,2023-10-16,0.8799540928812343,3.1910927545153287
916,2023-10-17,0.8830610100964157,3.181549005142075
917,2023-10-18,0.8760668920792932,3.1300441004863804
918,2023-10-19,0.8573758657789025,3.0947849299499115
919,2023-10-20,0.8518059489455695,3.072006736309939
920,2023-10-23,0.8429872397687307,3.0034480276801836
921,2023-10-24,0.8461139424924132,3.060772280606077
922,2023-10-25,0.8503182445728179,3.105272857123456
923,2023-10-26,0.8526687511351498,3.1014840064477323
924,2023-10-27,0.8643737157931373,3.1408360988573363
925,2023-10-30,0.8695629689209952,3.156664817254832
926,2023-10-31,0.8668293698931626,3.1617179126659862
927,2023-11-01,0.866470565027918,3.176412229092717
928,2023-11-02,0.8623850352365698,3.1635602195005297
929,2023-11-03,0.8696514705668059,3.1632225435916808
930,2023-11-06,0.8814126521336784,3.19819195725002
931,2023-11-07,0.8782949535935053,3.2109184909641812
932,2023-11-08,0.8761871453195847,3.2217319668934175
933,2023-11-09,0.8766127707045581,3.2045417113071104
934,2023-11-10,0.8702223476489197,3.209263064787691
935,2023-11-13,0.8685056289771694,3.2420490310676517
936,2023-11-14,0.8691472362902726,3.2442546776321093
937,2023-11-15,0.8752585888951651,3.2578800871236426
938,2023-11-16,0.8667950118245079,3.2505496232808264
939,2023-11-17,0.8657527775832804,3.27270374663466
940,2023-11-20,0.8677556752717052,3.300402377160498
941,2023-11-21,0.8689067890477387,3.296642427866927
942,2023-11-22,0.8600137953569463,3.2844259827263036
943,2023-11-23,0.8641639538601951,3.3111238690088576
944,2023-11-24,0.8584590927503181,3.291503127291951
945,2023-11-27,0.8521343646914696,3.286314382429734
946,2023-11-28,0.8537311263131753,3.3008870752361408
947,2023-11-29,0.8463995883666433,3.286533632284139
948,2023-11-30,0.8483153468843936,3.2806018649566475
949,2023-12-01,0.8450830227186223,3.303623104438535
950,2023-12-04,0.8395645837502221,3.314984337513709
951,2023-12-05,0.8235793145944438,3.2744377493480927
952,2023-12-06,0.8248752061632225,3.2945713456885675
953,2023-12-07,0.8228574989624466,3.2915492157793067
954,2023-12-08,0.824842210569704,3.245555008155307
955,2023-12-11,0.82969327367351,3.2700628438858126
956,2023-12-12,0.8314762204844948,3.304220195052214
957,2023-12-13,0.817597752555797,3.2916260517229827
958,2023-12-14,0.8133173295819072,3.3081279565291406
959,2023-12-15,0.8107909452508926,3.3079320984417966
960,2023-12-18,0.8078341372529029,3.265876628169217
961,2023-12-19,0.8089686051370537,3.2647143676450976
962,2023-12-20,0.8001028017109382,3.2355296900931783
963,2023-12-21,0.8081991028752857,3.2622236163440803
964,2023-12-22,0.8097418393959341,3.2142206671544638
965,2023-12-25,0.8122222550006107,3.2010123850938452
966,2023-12-26,0.8067239569690081,3.168979801360324
967,2023-12-27,0.8095305372737074,3.198752363150302
968,2023-12-28,0.8285008117389921,3.21710250673574
969,2023-12-29,0.8325212389140445,3.2582763843201534
970,2024-01-02,0.8216613050308161,3.2738116503430508
971,2024-01-03,0.8197068048287551,3.273886234823612
972,2024-01-04,0.8121255192659326,3.2696800438833247
973,2024-01-05,0.8077724112054231,3.2352124546296572
974,2024-01-08,0.7973256034787436,3.1832617516088058
975,2024-01-09,0.7988889548405849,3.2004036302620906
976,2024-01-10,0.7951594457261594,3.1844212893328896
977,2024-01-11,0.799658634816501,3.2237854086964726
978,2024-01-12,0.7968671009763506,3.2082751715723465
979,2024-01-15,0.7960791756812178,3.208276365450615
980,2024-01-16,0.800921471553712,3.1981913449234223
981,2024-01-17,0.7835013976033006,3.1293180601981847
982,2024-01-18,0.7945770172244117,3.1202155614031186
983,2024-01-19,0.7933754326302853,3.0861934726520865
984,2024-01-22,0.7810312301811712,2.9131418634963784
985,2024-01-23,0.7841931203062003,2.943691515801795
986,2024-01-24,0.7951545882061083,2.954510307365985
987,2024-01-25,0.8111226783275594,3.0626057647087443
988,2024-01-26,0.80891523165454,3.03462534923592
989,2024-01-29,0.8016698258318427,2.928760122236938
990,2024-01-30,0.7873731372743472,2.835228635860517
991,2024-01-31,0.780169908942826,2.669767251559513
992,2024-02-01,0.7807423262142243,2.6464468821137777
993,2024-02-02,0.7715018421256237,2.496379591230735
994,2024-02-05,0.7765473245075762,2.200703851113081
995,2024-02-06,0.8035458356184425,2.2534266439199087
996,2024-02-07,0.8112952980035252,2.132690620645635
997,2024-02-08,0.8164633439096961,2.3380928271431656
998,2024-02-19,0.8258967070871588,2.5027844816336815
999,2024-02-20,0.8276064356690792,2.596603829321938
1000,2024-02-21,0.8387719786491867,2.709221794166772
1001,2024-02-22,0.8460034635302741,2.8311678870445154
1002,2024-02-23,0.8467476119068967,2.9628221991377583
1003,2024-02-26,0.8379196023563014,3.043394251065602
1004,2024-02-27,0.847971884673945,3.1393451055733923
1005,2024-02-28,0.837167753033256,2.961054330653989
1006,2024-02-29,0.8531389235332761,3.078893463506554
1007,2024-03-01,0.8584093327888186,3.1197202577287486
1008,2024-03-04,0.859153007261046,3.110760764924944
1009,2024-03-05,0.8651330291104082,3.040875553618088
1010,2024-03-06,0.861622937730978,3.099225713307547
1011,2024-03-07,0.8564477832588784,3.090114489304591
1012,2024-03-08,0.8601335746928432,3.1143094643652365
1013,2024-03-11,0.8708954696043065,3.199640807472485
1014,2024-03-12,0.8728925027258401,3.2688915417489834
1015,2024-03-13,0.8667943009679154,3.27373295404251
1016,2024-03-14,0.864334381728333,3.2610532202054383
1017,2024-03-15,0.8662196918886892,3.330106191145917
1018,2024-03-18,0.8743566303549285,3.39471017145992
1019,2024-03-19,0.8680728357882187,3.398596586740069
1020,2024-03-20,0.8699541177612153,3.4521250025107504
1021,2024-03-21,0.8689122981863336,3.47248211284154
1022,2024-03-22,0.8601559666755182,3.4258568508299696
1023,2024-03-25,0.8554878899063235,3.356536422330381
1024,2024-03-26,0.8598513053874295,3.3613218921586427
1025,2024-03-27,0.8499128193626924,3.2567455818588753
1026,2024-03-28,0.8543235660452728,3.3396580275180745
1027,2024-03-29,0.8583318494201971,3.3893890171481242
1028,2024-04-01,0.8724442484059944,3.461009048382451
1029,2024-04-02,0.868811771216494,3.4805650090830698
1030,2024-04-03,0.8656883265855286,3.4824901380988202
1031,2024-04-08,0.8580706096223222,3.435521040330392
1032,2024-04-09,0.8573619448372929,3.4645199529755035
1033,2024-04-10,0.8503791412876067,3.412741703674477
1034,2024-04-11,0.8502665889937376,3.4238590062752055
1035,2024-04-12,0.8433742419454926,3.411932372596181
1036,2024-04-15,0.8611444127678862,3.316921439178657
1037,2024-04-16,0.8519334884659385,3.0252775116030373
1038,2024-04-17,0.8651060165598796,3.3120651080844756
1039,2024-04-18,0.8661733084960055,3.2890934560058134
1040,2024-04-19,0.8593454716835622,3.2319213775379145
1041,2024-04-22,0.8567353247506893,3.1927659094020866
1042,2024-04-23,0.8507470688124599,3.269442454157159
1043,2024-04-24,0.8544829756362212,3.349938894723969
1044,2024-04-25,0.8565840900105589,3.384986774367412
1045,2024-04-26,0.8696835183515346,3.4316026221591933
1046,2024-04-29,0.8793026520519306,3.568883271102802
1047,2024-04-30,0.8745668069542168,3.5560419009091744
1048,2024-05-06,0.8875437310090234,3.6093455658286864
1049,2024-05-07,0.8878181216538662,3.6065871215941003
1050,2024-05-08,0.8808339556290439,3.582355874943085
1051,2024-05-09,0.8891656095636766,3.6163643807209005
1052,2024-05-10,0.8895819938129427,3.588397433792135
1053,2024-05-13,0.8891970649679105,3.521092422510034
1054,2024-05-14,0.8873420254508001,3.574806633911613
1055,2024-05-15,0.8798227621257044,3.5778781832651663
1056,2024-05-16,0.8832932824881322,3.605347198397151
1057,2024-05-17,0.8924190224750359,3.6422729806586953
1058,2024-05-20,0.8955716122263084,3.6390565117575915
1059,2024-05-21,0.8919802462430948,3.6192938152882954
1060,2024-05-22,0.8939916742106337,3.6281882233649045
1061,2024-05-23,0.8836408913620394,3.5560088275568087
1062,2024-05-24,0.8738585568355333,3.5618671511545874
1063,2024-05-27,0.8821647384089218,3.568041281080582
1064,2024-05-28,0.8757261548191173,3.528199813235723
1065,2024-05-29,0.8767815991453621,3.524184484634069
1066,2024-05-30,0.8721204532279477,3.5025081801506737
1067,2024-05-31,0.8686295549765246,3.5151118676371786
1068,2024-06-03,0.8707704773200623,3.409652741058924
1069,2024-06-04,0.8773030716942721,3.3513736896522053
1070,2024-06-05,0.8722373298994232,3.3045131807586112
1071,2024-06-06,0.8716190031397362,3.110989026664332
1072,2024-06-07,0.8672196894006909,3.2414201500007884
1073,2024-06-11,0.8596403586934988,3.2662222335407955
1074,2024-06-12,0.8599425319835124,3.3579866112974384
1075,2024-06-13,0.8555769839326278,3.3176816168898475
1076,2024-06-14,0.8593142532315253,3.3207512612277315
1077,2024-06-17,0.8580198426139817,3.284542956002467
1078,2024-06-18,0.8602986118984844,3.359429017388227
1079,2024-06-19,0.856212312012494,3.357813875828316
1080,2024-06-20,0.8500329541268848,3.254623181597221
1081,2024-06-21,0.848173886422415,3.2339177286420737
1082,2024-06-24,0.8436099501440739,3.0971220759337883
1083,2024-06-25,0.8390221409318226,3.0955358393204055
1084,2024-06-26,0.8444481685431513,3.2004937629671075
1085,2024-06-27,0.8381037734519005,3.145342169686109
1086,2024-06-28,0.8399331628936185,3.121308977191065
1087,2024-07-01,0.843942927219778,3.1612905880245963
1088,2024-07-02,0.8423907718492742,3.2600383824301127
1089,2024-07-03,0.8403594991351847,3.3135172101032704
1090,2024-07-04,0.8360887319633479,3.2054875072984133
1091,2024-07-05,0.8325092728280646,3.2767645335991458
1092,2024-07-08,0.8253999368048499,3.1730571979823363
1093,2024-07-09,0.8346324829948304,3.174376759363807
1094,2024-07-10,0.8320010103641716,3.1303732316664594
1095,2024-07-11,0.841513219385392,3.277927776382747
1096,2024-07-12,0.8425401702098732,3.304886221291349
1097,2024-07-15,0.8434731694879983,3.2594739059098043
1098,2024-07-16,0.8488199958272729,3.2828463278190485
1099,2024-07-17,0.8496208942552254,3.2772232174194995
1100,2024-07-18,0.8543153319564052,3.276356460197117
1101,2024-07-19,0.8587033904660635,3.298745364776402
1102,2024-07-22,0.8528580167029983,3.3441661397315117
1103,2024-07-23,0.8346487142203671,3.296553314311748
1104,2024-07-24,0.8293806152487515,3.238835090023935
1105,2024-07-25,0.8247960048911681,3.268798122135059
1106,2024-07-26,0.8272276675811846,3.328357387082566
1107,2024-07-29,0.8227264051591138,3.3433414515716393
1108,2024-07-30,0.8175436682166904,3.386665857355566
1109,2024-07-31,0.8351841077108876,3.5079226958860428
1110,2024-08-01,0.829647601137419,3.522079295471865
1111,2024-08-02,0.8211856234940957,3.510291725563985
1112,2024-08-05,0.81122012491883,3.462197529626592
1113,2024-08-06,0.8111372508877127,3.522050166819505
1114,2024-08-07,0.8107757210721954,3.5258679722822306
1115,2024-08-08,0.8111270619432152,3.558332696720596
1116,2024-08-09,0.8083829185425886,3.536897057905048
1117,2024-08-12,0.806984604386389,3.5049701527663326
1118,2024-08-13,0.8090533155477024,3.5252727040472767
1119,2024-08-14,0.8029506116980231,3.514036531629772
1120,2024-08-15,0.8108882733660647,3.5427941086307886
1121,2024-08-16,0.8117814646749898,3.514067793568851
1122,2024-08-19,0.8145314726425075,3.515496908615441
1123,2024-08-20,0.8086439806263156,3.4680428584301284
1124,2024-08-21,0.8059583644185009,3.468117659134694
1125,2024-08-22,0.8038961102045726,3.4492347267080556
1126,2024-08-23,0.8073063262327064,3.438114583608693
1127,2024-08-26,0.8065863469802408,3.4655545419048837
1128,2024-08-27,0.8020030398597443,3.435834505586411
1129,2024-08-28,0.7974321727296229,3.452271516197893
1130,2024-08-29,0.7952934421939131,3.4889970427394124
1131,2024-08-30,0.8059091968374948,3.5586127841293336
1132,2024-09-02,0.7922191651439536,3.51065367469252
1133,2024-09-03,0.7942615153732819,3.561149594268835
1134,2024-09-04,0.7891021774603735,3.5257918944747106
1135,2024-09-05,0.7904592619341873,3.5559969862395318
1136,2024-09-06,0.7840506527973815,3.508829079346489
1137,2024-09-09,0.7747347586718886,3.511158037651099
1138,2024-09-10,0.7754149891932035,3.5206508194357298
1139,2024-09-11,0.7730795290954204,3.498215170790737
1140,2024-09-12,0.7697662265161128,3.5131615194549837
1141,2024-09-13,0.7665567089993623,3.4841979983022933
1142,2024-09-18,0.769410916695783,3.45737813059525
1143,2024-09-19,0.7754830537119696,3.5349189602021944
1144,2024-09-20,0.7766996847706447,3.5264835617302355
1145,2024-09-23,0.7795419856191349,3.5354148120853908
1146,2024-09-24,0.8133040010207908,3.6536766433610377
1147,2024-09-25,0.8253447269428045,3.728825973841672
1148,2024-09-26,0.8602331538538922,3.8541787615594187
1149,2024-09-27,0.8986585662188398,3.9617136388936376
1150,2024-09-30,0.9748883984768248,4.23794069624806
1151,2024-10-08,1.032695138131877,4.400749096294657
1152,2024-10-09,0.9598761735205692,4.110840296395168
1153,2024-10-10,0.9700194454820985,4.141540873679951
1154,2024-10-11,0.943178507582649,4.048970637833652
1155,2024-10-14,0.961176330228905,4.13588181096503
1156,2024-10-15,0.9356149341965985,4.091687033432628
1157,2024-10-16,0.9296931433498012,4.147365344108287
1158,2024-10-17,0.9191705109198838,4.113031015293663
1159,2024-10-18,0.9524150227219397,4.182881199000585
1160,2024-10-21,0.9548325867561978,4.213719600542338
1161,2024-10-22,0.9603108623271015,4.294543978704583
1162,2024-10-23,0.9640556548582734,4.337975926514338
1163,2024-10-24,0.9532884285223635,4.389149639672018
1164,2024-10-25,0.9599822096290038,4.481742488444512
1165,2024-10-28,0.9618592857004927,4.646479581279911
1166,2024-10-29,0.9522730883555658,4.599404709544536
1167,2024-10-30,0.943732146392386,4.666421321753293
1168,2024-10-31,0.9441181415223074,4.739072959947904
1169,2024-11-01,0.9438708226660425,4.665747563301881
1170,2024-11-04,0.9571532965796788,4.7514038434588475
1171,2024-11-05,0.9813712328895347,4.863714140574034
1172,2024-11-06,0.9764482547937512,4.924901016853219
1173,2024-11-07,1.0059075737149412,5.064794421746257
1174,2024-11-08,0.9958020363908826,5.0772364714156994
1175,2024-11-11,1.002373787115749,5.163688335389715
1176,2024-11-12,0.9913607821128587,5.162451202354544
1177,2024-11-13,0.9974624789156982,5.160769296447374
1178,2024-11-14,0.9801693521051612,5.100890276586251
1179,2024-11-15,0.9629933389182975,5.022530038216888
1180,2024-11-18,0.9585166010486802,4.9409494537574155
1181,2024-11-19,0.964949083119396,5.018047499278679
1182,2024-11-20,0.9671041041186921,5.14262885513324
1183,2024-11-21,0.9679594423140475,5.200377109522858
1184,2024-11-22,0.9379695281843392,5.093704152771891
1185,2024-11-25,0.933697102347119,5.182592573357352
1186,2024-11-26,0.9317787965932443,5.1814044968683755
1187,2024-11-27,0.9480016103271358,5.21271414490771
1188,2024-11-28,0.9396319848028346,5.2709863500058125
1189,2024-11-29,0.9503160409173802,5.308919227431201
1190,2024-12-02,0.9578496990884812,5.430520248541957
1191,2024-12-03,0.9588831068603473,5.473059678460299
1192,2024-12-04,0.9537065899131114,5.400299694684369
1193,2024-12-05,0.9515304209301777,5.459306921559835
1194,2024-12-06,0.9640390089663902,5.5759258445887845
1195,2024-12-09,0.9624449722949572,5.5936329081405605
1196,2024-12-10,0.9694975582668421,5.565264730048571
1197,2024-12-11,0.9678461199255359,5.6548969801663755
1198,2024-12-12,0.977472599144058,5.733197629423579
1199,2024-12-13,0.9543432804681138,5.639422708369529
1200,2024-12-16,0.9491655195218404,5.67959782912398
1201,2024-12-17,0.9516384711322919,5.489839968534367
1202,2024-12-18,0.9564564201664807,5.5050004287044185
1203,2024-12-19,0.9573234874956184,5.480033078027188
1204,2024-12-20,0.953024108345919,5.518442751428503
1205,2024-12-23,0.9544381205852109,5.317869943204071
1206,2024-12-24,0.966598329652874,5.319382722554685
1207,2024-12-25,0.9670692721456418,5.2014802438030845
1208,2024-12-26,0.9675183557981794,5.239489924932766
1209,2024-12-27,0.965953523485103,5.328080379776215
1210,2024-12-30,0.970326890958509,5.252774547105085
1211,2024-12-31,0.9547630412861962,5.209296728142834
1212,2025-01-02,0.9269770787845923,5.148096736410354
1213,2025-01-03,0.916002400799667,4.9116981493036125
1214,2025-01-06,0.914499235296021,4.849111721390435
1215,2025-01-07,0.9210834260112624,5.033974297792235
1216,2025-01-08,0.9194116097809609,5.066064285486819
1217,2025-01-09,0.9171458136292778,5.11854807913449
1218,2025-01-10,0.9056455756700335,4.95286754625366
1219,2025-01-13,0.9032270045889355,4.996359055203485
1220,2025-01-14,0.9270120884717906,5.264712609681997
1221,2025-01-15,0.9210641144071564,5.24848395782217
1222,2025-01-16,0.922121454350982,5.308474794611604
1223,2025-01-17,0.9250232894391242,5.281799178014613
1224,2025-01-20,0.9292290724707641,5.322641436938644
1225,2025-01-21,0.9299419431573012,5.282139400651358
1226,2025-01-22,0.9213045024116411,5.239855172343843
1227,2025-01-23,0.9229368068629895,5.217629125436037
1228,2025-01-24,0.9300024252057434,5.22324659433392
1229,2025-01-27,0.926172685311725,5.209791133270489
1230,2025-02-05,0.9208357517267011,5.2767631484466815
1231,2025-02-06,0.932420937048792,5.2894826209886245
1232,2025-02-07,0.944521730352902,5.358532927415248
1233,2025-02-10,0.9465499226884225,5.467581920265878
1234,2025-02-11,0.9422002504347785,5.452339206605788
1235,2025-02-12,0.9511115486828368,5.466055681900307
1236,2025-02-13,0.9475394350656797,5.4331837399411365
1237,2025-02-14,0.955757292707406,5.415237016532178
1238,2025-02-17,0.9577929490371514,5.515112651176185
1239,2025-02-18,0.9493939414403455,5.422141420256072
1240,2025-02-19,0.9560367185864482,5.502434789579602
1241,2025-02-20,0.9533035934630109,5.5369108805258564
1242,2025-02-21,0.9653258963516597,5.522256083167395
1243,2025-02-24,0.9632083137995874,5.5599869872150665
1244,2025-02-25,0.952516082834224,5.536834937496595
1245,2025-02-26,0.9608364223014204,5.589683208673845
1246,2025-02-27,0.9628198899096403,5.601981624953634
1247,2025-02-28,0.9438776942797734,5.500386841843159
1248,2025-03-03,0.9434956088611126,5.51354337951892
1249,2025-03-04,0.942706261852794,5.56850702579287
1250,2025-03-05,0.946916013833744,5.578610793047548
1251,2025-03-06,0.9599375441397524,5.6185261947697995
1252,2025-03-07,0.9569719096724013,5.626629650763003
1253,2025-03-10,0.9532807275759406,5.66396315336046
1254,2025-03-11,0.9563413798745368,5.679556550126419
1255,2025-03-12,0.9528997084421691,5.691158955913935
1256,2025-03-13,0.9491018978567799,5.660313486590472
1257,2025-03-14,0.9721470985025693,5.744854340966449
1258,2025-03-17,0.9697767471936869,5.770625261602265
1259,2025-03-18,0.9724300786645761,5.797675457884669
1260,2025-03-19,0.9730233477293649,5.786629937884267
1261,2025-03-20,0.9644882110950268,5.795166122125355
1262,2025-03-21,0.9498580123193825,5.736677445782441
1263,2025-03-24,0.9547479355835982,5.667264005115088
1264,2025-03-25,0.9541283648248736,5.664935511151668
1265,2025-03-26,0.9509889851586184,5.682163699016415
1266,2025-03-27,0.9541566213744397,5.66029968280561
1267,2025-03-28,0.9499722232786348,5.59835018001426
1268,2025-03-31,0.9432121547947107,5.566345133474258
1269,2025-04-01,0.943303973771288,5.6036585870103
1270,2025-04-02,0.9425036677238295,5.622834823286569
1271,2025-04-03,0.9369515223053181,5.6094554449319105
1272,2025-04-07,0.8709384764281738,5.103713366080288
1273,2025-04-08,0.885816704916676,5.061800241477275
1274,2025-04-09,0.89456024100882,5.341944135180248
1275,2025-04-10,0.9062847542231109,5.569984021984624
1276,2025-04-11,0.9100217865698109,5.653098977207433
1277,2025-04-14,0.9121146668552814,5.814885169168847
1278,2025-04-15,0.9126224554147792,5.828993645569721
1279,2025-04-16,0.915433537811233,5.707195732782515
1280,2025-04-17,0.9152884045901913,5.696388566077585
1281,2025-04-18,0.9153613858670581,5.712758924702726
1282,2025-04-21,0.9183598382137792,5.826385563407516
1283,2025-04-22,0.9181345559118929,5.804108091529255
1284,2025-04-23,0.9188455309808489,5.866946181442584
1285,2025-04-24,0.9182328910739047,5.782676266761958
1286,2025-04-25,0.9188725435313774,5.7906609218310985
1287,2025-04-28,0.9175684178737313,5.665376699776715
1288,2025-04-29,0.9159810158638317,5.6956151735170675
1289,2025-04-30,0.9148876591859679,5.764823882428701
1290,2025-05-06,0.9241011307240401,5.924018274371353
1291,2025-05-07,0.9297023252474588,5.996735638964815
1292,2025-05-08,0.9348630848735529,6.105448492676556
1293,2025-05-09,0.9332277592816848,6.103437938875231
1294,2025-05-12,0.9440138233173053,6.176021412423878
1295,2025-05-13,0.9453844140663834,6.182551436765466
1296,2025-05-14,0.9567768980137606,6.188342205122503
1297,2025-05-15,0.9480391080124089,6.208379258454406
1298,2025-05-16,0.9436440001748714,6.205240945581586
1299,2025-05-19,0.9407468448926323,6.332690554109355
1300,2025-05-20,0.9458483664693217,6.382093875612138
1301,2025-05-21,0.950266873336374,6.416318606848316
1302,2025-05-22,0.9496564844753074,6.360528502486573
1303,2025-05-23,0.9419913178345277,6.286516896254811
1304,2025-05-26,0.9366126214246734,6.348303772044778
1305,2025-05-27,0.931587635407815,6.404872535826452
1306,2025-05-28,0.9308207988582702,6.3926044754249185
1307,2025-05-29,0.9362712325459537,6.460998916283545
1308,2025-05-30,0.9317903480128781,6.421675683483505
1309,2025-06-03,0.9346487023727571,6.44273233790695
1310,2025-06-04,0.9387081081843177,6.514110045113159
1311,2025-06-05,0.9408464240536817,6.506253250727807
1312,2025-06-06,0.9399798306289393,6.567001492940134
1313,2025-06-09,0.9427123633718826,6.623533857576693
1314,2025-06-10,0.9379127781330093,6.615337454824402
1315,2025-06-11,0.9449881707539151,6.665664384524686
1316,2025-06-12,0.9443995222569799,6.66993634450217
1317,2025-06-13,0.9376014821833872,6.564296545663093
1318,2025-06-16,0.9399339803787001,6.623888398953445
1319,2025-06-17,0.9391050031153297,6.636519216607752
1320,2025-06-18,0.9402192115865842,6.590546975587868
1321,2025-06-19,0.9324840255714081,6.480634602867873
1322,2025-06-20,0.9333461169043957,6.44793947493838
1323,2025-06-23,0.9360775833624496,6.538324353610966
1324,2025-06-24,0.9472711459399256,6.672563819311981
1325,2025-06-25,0.9608666929446661,6.696668584107746
1326,2025-06-26,0.9574584317721626,6.69004399819995
1327,2025-06-27,0.9515715913745142,6.7095977214325835
1328,2025-06-30,0.955046495352598,6.710997213917164
1329,2025-07-01,0.9566680184789547,6.737981348849131
1330,2025-07-02,0.9568919383057047,6.757098936922792
1331,2025-07-03,0.9628081607758581,6.785160968027494
1332,2025-07-04,0.9662380438363943,6.741819898408796
1333,2025-07-07,0.9621061898904115,6.7971750188602345
1334,2025-07-08,0.9701807506906276,6.862341419999283
1335,2025-07-09,0.9684696596335708,6.877727975273268
1336,2025-07-10,0.9729885157563148,6.948457741909789
1337,2025-07-11,0.974148929906105,6.968348976147444
1338,2025-07-14,0.9748430813690302,7.020923008874682
1339,2025-07-15,0.9751819822496748,6.94063164544174
1340,2025-07-16,0.9723036646671464,6.967708804961048
1341,2025-07-17,0.9789250568774139,6.987446453692911
1342,2025-07-18,0.9847623742657599,7.0050506308791745
1343,2025-07-21,0.9913278457573893,7.118226579650026
