date,cumulative_return,daily_return
2020-01-02,0.88,0.0
2020-01-03,1.41,0.5253766851704977
2020-01-06,1.87,0.4536041810472291
2020-01-07,3.2,1.3055855502110525
2020-01-08,1.84,-1.31782945736435
2020-01-09,2.94,1.0801256873527176
2020-01-10,2.43,-0.49543423353410887
2020-01-13,2.64,0.20501806111490328
2020-01-14,2.58,-0.058456742010903895
2020-01-15,1.48,-1.0723337882628359
2020-01-16,0.81,-0.660228616476144
2020-01-17,0.41,-0.3967860331316353
2020-01-20,0.81,0.39836669654416124
2020-01-21,-0.06,-0.8630096220613059
2020-01-22,-0.25,-0.1901140684410496
2020-01-23,-3.09,-2.8471177944862203
2020-02-03,-11.53,-8.709111546795988
2020-02-04,-12.87,-1.5146377303040692
2020-02-05,-10.03,3.259497302880754
2020-02-06,-7.84,2.4341447149049733
2020-02-07,-6.94,0.9765625
2020-02-10,-4.44,2.6864388566516295
2020-02-11,-4.08,0.37672666387611464
2020-02-12,-2.88,1.2510425354461896
2020-02-13,-4.18,-1.3385502471169541
2020-02-14,-4.21,-0.03130870381966577
2020-02-17,-1.05,3.2988829731704916
2020-02-18,0.22,1.2834765032844864
2020-02-19,0.17,-0.049890241468764085
2020-02-20,2.05,1.876809423979231
2020-02-21,2.49,0.43116119549240217
2020-02-24,2.45,-0.03902819787295897
2020-02-25,1.13,-1.2884333821376215
2020-02-26,2.56,1.4140215564125258
2020-02-27,3.05,0.4777691107644255
2020-02-28,-1.71,-4.619116933527412
2020-03-02,2.35,4.130633838640763
2020-03-03,3.73,1.3483146067415852
2020-03-04,6.08,2.2654969632700084
2020-03-05,8.62,2.3944193061840258
2020-03-06,8.41,-0.1933345608543524
2020-03-09,5.39,-2.7857208744580753
2020-03-10,7.31,1.8218047253059977
2020-03-11,7.47,0.14910073618488173
2020-03-12,5.76,-1.5911417139666817
2020-03-13,4.92,-0.7942511346444969
2020-03-16,2.08,-2.7068242470453696
2020-03-17,0.96,-1.097178683385569
2020-03-18,-1.05,-1.9908874801901733
2020-03-19,-0.93,0.12127337038907449
2020-03-20,0.73,1.6755829211668516
2020-03-23,-3.74,-4.437605479996032
2020-03-24,-2.09,1.7141076251818044
2020-03-25,1.17,3.329588397507921
2020-03-26,-0.24,-1.3936937827419227
2020-03-27,-0.82,-0.5813953488372103
2020-03-30,-3.72,-2.92397660818714
2020-03-31,-4.64,-0.9555463232239325
2020-04-01,-4.19,0.47189597315435705
2020-04-02,-0.85,3.4860661726333397
2020-04-03,-1.44,-0.5950579929399957
2020-04-07,1.75,3.2366071428571397
2020-04-08,2.71,0.9434889434889238
2020-04-09,3.55,0.817836627397539
2020-04-10,1.37,-2.1052631578947434
2020-04-13,-0.11,-1.4599980270296964
2020-04-14,2.42,2.532786064671133
2020-04-15,1.87,-0.5370044913103
2020-04-16,2.3,0.42210660645920495
2020-04-17,2.42,0.11730205278592809
2020-04-20,2.78,0.35149384885764245
2020-04-21,1.98,-0.778361548939488
2020-04-22,2.8,0.8040792312218104
2020-04-23,1.99,-0.7879377431906587
2020-04-24,0.05,-1.9021472693401376
2020-04-27,-0.9,-0.9495252373813101
2020-04-28,-3.73,-2.855701311806258
2020-04-29,-3.67,0.062324711748207307
2020-04-30,-0.79,2.989722827779495
2020-05-06,0.74,1.5421832476564923
2020-05-07,0.13,-0.6055191582291064
2020-05-08,1.28,1.1485069409767235
2020-05-11,0.96,-0.3159557661927215
2020-05-12,0.18,-0.7725832012678291
2020-05-13,0.49,0.3094430025953221
2020-05-14,-0.19,-0.6766842471887635
2020-05-15,-0.44,-0.25047590421800603
2020-05-18,-1.68,-1.24548011249499
2020-05-19,-1.29,0.3966639544344952
2020-05-20,-2.03,-0.7496707527099522
2020-05-21,-2.65,-0.6328467898336188
2020-05-22,-3.88,-1.2634822804314272
2020-05-25,-3.96,-0.08322929671245038
2020-05-26,-1.59,2.4677217825905817
2020-05-27,-1.7,-0.11177725840869623
2020-05-28,-2.19,-0.4984740590030512
2020-05-29,-1.42,0.7872405684490325
2020-06-01,1.51,2.9722053154797923
2020-06-02,2.54,1.0146783568121487
2020-06-03,3.07,0.5168714647942219
2020-06-04,3.83,0.7373629572135387
2020-06-05,4.39,0.5393431570837048
2020-06-08,4.18,-0.20116869431937578
2020-06-09,4.98,0.7679017085812978
2020-06-10,4.29,-0.6572680510573581
2020-06-11,4.04,-0.23971617604755524
2020-06-12,4.13,0.08650519031141446
2020-06-15,3.55,-0.5569960626140236
2020-06-16,4.6,1.0140028971511228
2020-06-17,4.93,0.3154875717017003
2020-06-18,5.66,0.695701896502432
2020-06-19,5.51,-0.14196479273140827
2020-06-22,4.98,-0.5023220547815233
2020-06-23,4.5,-0.4572299485616438
2020-06-24,4.66,0.15311004784690496
2020-06-29,4.01,-0.6210586661570705
2020-06-30,4.38,0.3557350254783209
2020-07-01,4.97,0.5652423835983855
2020-07-02,6.31,1.2765552062493857
2020-07-03,7.68,1.2886840372495545
2020-07-06,10.87,2.9624814264487487
2020-07-07,10.55,-0.2886263191124838
2020-07-08,12.09,1.3930348258706537
2020-07-09,14.2,1.8824159157819542
2020-07-10,13.48,-0.6304728546409732
2020-07-13,16.42,2.590764892492081
2020-07-14,16.87,0.38653152379315436
2020-07-15,14.91,-1.6770770942072466
2020-07-16,11.57,-2.9066225741885
2020-07-17,11.5,-0.0627408801649132
2020-07-20,14.94,3.085201793721981
2020-07-21,15.66,0.6264137811031967
2020-07-22,15.74,0.06916825177243346
2020-07-23,15.29,-0.38880248833592645
2020-07-24,12.8,-2.1597710122300273
2020-07-27,13.06,0.23049645390069706
2020-07-28,14.59,1.3532637537590597
2020-07-29,16.22,1.4224626930796846
2020-07-30,16.58,0.30975735673721694
2020-07-31,17.5,0.7891576599759809
2020-08-03,19.9,2.04255319148936
2020-08-04,20.32,0.35029190992492687
2020-08-05,21.37,0.8726728723404298
2020-08-06,21.3,-0.057674878470781454
2020-08-07,20.11,-0.9810387469084914
2020-08-10,21.56,1.2072267088502064
2020-08-11,20.16,-1.151694636393552
2020-08-12,20.02,-0.11651131824235161
2020-08-13,21.69,1.3914347608732003
2020-08-14,22.02,0.2711808694222828
2020-08-17,23.0,0.8031470250778661
2020-08-18,23.64,0.5203252032520256
2020-08-19,23.38,-0.2102879327078533
2020-08-20,22.74,-0.5187226454854921
2020-08-21,23.53,0.6436369561675148
2020-08-24,23.87,0.27523678458674095
2020-08-25,23.55,-0.25833535157827603
2020-08-26,21.74,-1.4649939295831693
2020-08-27,22.99,1.026778380154414
2020-08-28,23.67,0.552890478900725
2020-08-31,23.48,-0.15363467291986677
2020-09-01,23.67,0.15387107223840957
2020-09-02,23.65,-0.016172070833664343
2020-09-03,23.59,-0.048524059846333234
2020-09-04,23.97,0.30746824176712817
2020-09-07,22.89,-0.8711785109300707
2020-09-08,24.19,1.0578566197412487
2020-09-09,22.58,-1.2964006763829583
2020-09-10,19.45,-2.5534344917604757
2020-09-11,21.77,1.9422352448723146
2020-09-14,23.08,1.0757986367742278
2020-09-15,23.77,0.5606109847253959
2020-09-16,23.39,-0.30702108750101376
2020-09-17,24.85,1.1832401329119113
2020-09-18,26.44,1.2735282338806497
2020-09-21,26.05,-0.3084466940841524
2020-09-22,24.19,-1.47560491868306
2020-09-23,24.73,0.43481761816572817
2020-09-24,22.3,-1.9482081295598475
2020-09-25,21.54,-0.6214227309893738
2020-09-28,19.99,-1.2753003126542706
2020-09-29,20.97,0.8167347278939863
2020-09-30,20.71,-0.21492932131933484
2020-10-09,24.33,2.998923038687762
2020-10-12,27.79,2.7829164320759325
2020-10-13,27.53,-0.20345879959308144
2020-10-14,26.55,-0.7684466400062706
2020-10-15,25.99,-0.44251284077440056
2020-10-16,26.26,0.21430272243827542
2020-10-19,25.91,-0.27720576587991763
2020-10-20,26.39,0.38122468429830914
2020-10-21,25.33,-0.838673945723567
2020-10-22,24.64,-0.550546557089282
2020-10-23,23.35,-1.0349807445442782
2020-10-26,23.7,0.2837454398054273
2020-10-27,23.64,-0.048504446240915655
2020-10-28,23.7,0.04852798447105844
2020-10-29,23.31,-0.31527890056590735
2020-10-30,20.49,-2.286919146865629
2020-11-02,19.97,-0.4315710847373144
2020-11-03,23.44,2.8923897641076834
2020-11-04,22.82,-0.5022683084899504
2020-11-05,25.02,1.791239211854756
2020-11-06,23.87,-0.9198528235482173
2020-11-09,26.62,2.220069427625715
2020-11-10,25.98,-0.5054493760859202
2020-11-11,25.43,-0.43657723448167207
2020-11-12,26.1,0.534162481065148
2020-11-13,25.65,-0.3568596352101605
2020-11-16,27.13,1.1778750497413615
2020-11-17,26.2,-0.7315346495713082
2020-11-18,26.67,0.3724247226624344
2020-11-19,26.97,0.23683587274019313
2020-11-20,27.64,0.5276837048121541
2020-11-23,28.22,0.45440300846129045
2020-11-24,28.13,-0.07019185774450598
2020-11-25,27.11,-0.7960664949660301
2020-11-26,26.58,-0.4169616867280346
2020-11-27,26.47,-0.08690156422815898
2020-11-30,26.38,-0.07116312168893302
2020-12-01,28.05,1.3214116157619804
2020-12-02,28.33,0.21866458414683265
2020-12-03,28.74,0.31948881789136685
2020-12-04,28.63,-0.08544352959451995
2020-12-07,28.1,-0.4120345176086393
2020-12-08,28.13,0.02341920374704376
2020-12-09,25.87,-1.7638336064934035
2020-12-10,26.11,0.19067291650114448
2020-12-11,24.18,-1.5304099595591092
2020-12-14,25.23,0.8455467869222133
2020-12-15,24.73,-0.39926535175276445
2020-12-16,23.04,-1.3549266415457506
2020-12-17,24.63,1.2922626788036462
2020-12-18,23.96,-0.5375912701596652
2020-12-21,24.72,0.61310100032268
2020-12-22,21.9,-2.2610647851186716
2020-12-23,21.45,-0.3691550451189407
2020-12-24,18.87,-2.124331000411672
2020-12-25,20.11,1.0431563893328777
2020-12-28,17.78,-1.9398884356007118
2020-12-29,19.59,1.5367634572932554
2020-12-30,19.54,-0.04180951584580317
2020-12-31,21.76,1.8571189559979828
2021-01-04,23.04,1.051248357424428
2021-01-05,21.85,-0.9671651495448463
2021-01-06,18.82,-2.4866639310628047
2021-01-07,13.11,-4.805588284800533
2021-01-08,13.85,0.6542303951905248
2021-01-11,9.9,-3.469477382520869
2021-01-12,10.03,0.11828935395814533
2021-01-13,6.4,-3.2991002453876206
2021-01-14,8.4,1.8796992481203034
2021-01-15,13.91,5.083025830258303
2021-01-18,17.45,3.1077166183829386
2021-01-19,20.73,2.7926777352064613
2021-01-20,20.43,-0.24848836246169625
2021-01-21,20.92,0.40687536328158913
2021-01-22,18.79,-1.7614952034402998
2021-01-25,15.02,-3.1736678171563337
2021-01-26,14.62,-0.3477656059815648
2021-01-27,14.82,0.17448961786774575
2021-01-28,15.08,0.22644138651801704
2021-01-29,12.43,-2.3027459158845964
2021-02-01,12.59,0.14231077114650326
2021-02-02,12.72,0.11546318500754715
2021-02-03,9.89,-2.5106458481192306
2021-02-04,7.21,-2.4388024388024343
2021-02-05,6.26,-0.8861113702080092
2021-02-08,5.11,-1.0822510822510845
2021-02-09,7.63,2.3974883455427864
2021-02-10,8.49,0.7990337266561287
2021-02-18,13.7,4.802285924970051
2021-02-19,19.57,5.162708883025502
2021-02-22,22.63,2.559170360458296
2021-02-23,21.22,-1.1498002120199025
2021-02-24,23.83,2.1531100478468845
2021-02-25,22.13,-1.3728498748283857
2021-02-26,23.17,0.8515516253172928
2021-03-01,26.18,2.4437768937241255
2021-03-02,25.37,-0.6419400855920077
2021-03-03,26.77,1.1166945840312748
2021-03-04,26.37,-0.3155320659462002
2021-03-05,29.45,2.4372873308538434
2021-03-08,27.92,-1.181923522595607
2021-03-09,23.99,-3.072232645403372
2021-03-10,23.47,-0.4193886603758412
2021-03-11,26.51,2.462136551389005
2021-03-12,26.11,-0.31618053908781807
2021-03-15,25.41,-0.5550709697882739
2021-03-16,26.56,0.9169922653695872
2021-03-17,28.34,1.4064475347661087
2021-03-18,28.65,0.24154589371980784
2021-03-19,28.96,0.24096385542169418
2021-03-22,31.22,1.7524813895781532
2021-03-23,30.19,-0.78494131992074
2021-03-24,28.46,-1.3288270988555229
2021-03-25,29.13,0.5215631324926084
2021-03-26,31.54,1.866336250290379
2021-03-29,32.0,0.3497035122396408
2021-03-30,31.17,-0.6287878787878731
2021-03-31,31.72,0.41930319432796903
2021-04-01,32.8,0.8199210446401484
2021-04-02,34.0,0.9036144578313365
2021-04-06,35.69,1.261194029850743
2021-04-07,36.0,0.22846193529366676
2021-04-08,35.53,-0.3455882352941142
2021-04-09,35.96,0.31727292850292077
2021-04-12,33.69,-1.6696087084436595
2021-04-13,32.51,-0.8826389408332691
2021-04-14,34.15,1.2376424420798449
2021-04-15,34.04,-0.08199776369735012
2021-04-16,36.39,1.7532079976126491
2021-04-19,37.98,1.165774616907389
2021-04-20,37.66,-0.23191766922741053
2021-04-21,37.95,0.21066395467093102
2021-04-22,38.49,0.39144617615078925
2021-04-23,37.76,-0.5271138710376211
2021-04-26,37.59,-0.12340301974447243
2021-04-27,36.6,-0.7195290355403783
2021-04-28,36.82,0.16105417276719436
2021-04-29,36.55,-0.1973395702382752
2021-04-30,36.16,-0.285609666788722
2021-05-06,35.88,-0.2056404230317166
2021-05-07,35.66,-0.16190756549896435
2021-05-10,36.37,0.5233672416334878
2021-05-11,37.99,1.1879445625870844
2021-05-12,39.24,0.9058627436770772
2021-05-13,39.6,0.2585463947141431
2021-05-14,41.42,1.3037249283667673
2021-05-17,38.46,-2.0930561448168628
2021-05-18,39.05,0.42611584573160055
2021-05-19,38.82,-0.16540812657317439
2021-05-20,38.02,-0.5762858377755253
2021-05-21,38.37,0.2535864367482876
2021-05-24,39.27,0.65043000650431
2021-05-25,40.42,0.825734185395266
2021-05-26,41.22,0.569719413188996
2021-05-27,43.14,1.359580795921267
2021-05-28,42.99,-0.10479251082856633
2021-05-31,44.22,0.8602000139869892
2021-06-01,45.6,0.9568714464013306
2021-06-02,45.0,-0.4120879120879106
2021-06-03,45.64,0.4413793103448249
2021-06-04,45.83,0.13045866520187133
2021-06-07,47.44,1.1040252348625046
2021-06-08,48.08,0.43407487791644606
2021-06-09,49.15,0.7225823878984405
2021-06-10,47.94,-0.8112638283607088
2021-06-11,47.52,-0.283898877923483
2021-06-15,46.7,-0.5558568329718017
2021-06-16,45.2,-1.0224948875255713
2021-06-17,45.85,0.44765840220384323
2021-06-18,47.16,0.8981830647926126
2021-06-21,48.93,1.2027724925251393
2021-06-22,50.17,0.8326059222453441
2021-06-23,51.25,0.719184923753069
2021-06-24,51.52,0.17851239669421926
2021-06-25,52.22,0.4619852164730709
2021-06-28,52.21,-0.0065694389699166855
2021-06-29,51.29,-0.6044280927665624
2021-06-30,51.9,0.40319915394275707
2021-07-01,50.52,-0.908492429229768
2021-07-02,49.94,-0.3853308530427757
2021-07-05,52.24,1.5339469120981608
2021-07-06,52.05,-0.1248029427220132
2021-07-07,53.06,0.6642551792173768
2021-07-08,52.13,-0.6076048608388951
2021-07-09,53.07,0.6178925918622236
2021-07-12,53.48,0.2678513098582247
2021-07-13,54.3,0.5342715663278597
2021-07-14,53.19,-0.7193778353856151
2021-07-15,51.82,-0.8943142502774171
2021-07-16,51.71,-0.07245422210511165
2021-07-19,51.47,-0.15819655922484355
2021-07-20,51.95,0.3168944345415037
2021-07-21,53.54,1.0463968410661328
2021-07-22,53.64,0.06512960791975608
2021-07-23,50.99,-1.7248112470710786
2021-07-26,47.62,-2.2319358897940345
2021-07-27,44.44,-2.154179650453869
2021-07-28,42.47,-1.3638881196344377
2021-07-29,44.77,1.6143749561311038
2021-07-30,46.25,1.022311252331276
2021-08-02,49.52,2.2358974358974493
2021-08-03,50.3,0.5216693418940599
2021-08-04,50.49,0.12641383898868153
2021-08-05,49.26,-0.8173300551531759
2021-08-06,48.25,-0.6766715797936529
2021-08-09,53.29,3.399662731871844
2021-08-10,55.29,1.3047165503294211
2021-08-11,56.08,0.5087256101487636
2021-08-12,56.44,0.23065094823166987
2021-08-13,56.26,-0.11506008693429326
2021-08-16,57.8,0.985536925636743
2021-08-17,54.6,-2.027883396704677
2021-08-18,55.63,0.6662354463130571
2021-08-19,55.61,-0.012850992739188438
2021-08-20,54.23,-0.886832465779841
2021-08-23,58.07,2.4897879789924193
2021-08-24,58.86,0.49977857911052137
2021-08-25,59.74,0.5539468714591322
2021-08-26,58.36,-0.8639038437460722
2021-08-27,57.74,-0.39151300833545344
2021-08-30,56.53,-0.7670850767084958
2021-08-31,55.42,-0.7091292404012073
2021-09-01,56.89,0.9458242182473153
2021-09-02,56.71,-0.1147300656510919
2021-09-03,58.24,0.9763256971476064
2021-09-06,61.52,2.07280080889789
2021-09-07,63.02,0.9286775631500488
2021-09-08,65.39,1.4538093485461978
2021-09-09,65.32,-0.04232420339803644
2021-09-10,64.7,-0.37503024437454124
2021-09-13,65.46,0.4614450516089663
2021-09-14,64.15,-0.7917321406986422
2021-09-15,64.48,0.20103563813584913
2021-09-16,62.42,-1.2524319066147815
2021-09-17,62.16,-0.16007880802857422
2021-09-22,62.42,0.16033547113962765
2021-09-23,64.58,1.3298854820834816
2021-09-24,62.9,-1.0207801676995976
2021-09-27,59.06,-2.357274401473297
2021-09-28,60.0,0.590971960266562
2021-09-29,56.18,-2.387500000000009
2021-09-30,60.75,2.926110897682177
2021-10-08,64.34,2.233281493001571
2021-10-11,64.43,0.054764512595828485
2021-10-12,61.94,-1.5143222039773807
2021-10-13,63.17,0.759540570581696
2021-10-14,64.53,0.8334865477722664
2021-10-15,63.13,-0.8509086488786233
2021-10-18,64.31,0.7233494758781323
2021-10-19,64.38,0.04260239790638831
2021-10-20,63.28,-0.6691811655919144
2021-10-21,61.96,-0.8084272415482485
2021-10-22,60.98,-0.6050876759693957
2021-10-25,61.7,0.4472605292582976
2021-10-26,60.43,-0.7854050711193716
2021-10-27,57.39,-1.8949074362650253
2021-10-28,54.02,-2.141177965563257
2021-10-29,56.3,1.4803272302298387
2021-11-01,58.32,1.2923864363403759
2021-11-02,54.84,-2.1980798383021805
2021-11-03,56.73,1.220614828209765
2021-11-04,57.6,0.5550947489312952
2021-11-05,55.82,-1.1294416243654792
2021-11-08,57.25,0.9177255807983453
2021-11-09,58.74,0.9475357710651888
2021-11-10,59.35,0.3842761748771517
2021-11-11,61.52,1.361782240351439
2021-11-12,61.19,-0.20430906389303782
2021-11-15,62.11,0.5707550096159864
2021-11-16,60.46,-1.0178274011473643
2021-11-17,63.75,2.0503552287174376
2021-11-18,63.81,0.03664122137405634
2021-11-19,66.77,1.8069714913619306
2021-11-22,67.87,0.6595910535468041
2021-11-23,69.36,0.887591588729375
2021-11-24,70.15,0.46646197449220494
2021-11-25,69.91,-0.14105201292976544
2021-11-26,69.6,-0.1824495321052333
2021-11-29,69.16,-0.25943396226414395
2021-11-30,70.73,0.9281153937100939
2021-12-01,73.29,1.4994435658642447
2021-12-02,72.36,-0.536672629695889
2021-12-03,73.56,0.6962172197725769
2021-12-06,71.41,-1.2387646923254225
2021-12-07,70.15,-0.7350796336269783
2021-12-08,71.43,0.7522774022921119
2021-12-09,71.81,0.22166481945984362
2021-12-10,72.72,0.5296548512891963
2021-12-13,72.33,-0.22579898100971718
2021-12-14,73.02,0.4003945917715912
2021-12-15,73.37,0.20228875274534985
2021-12-16,74.61,0.7152333160292956
2021-12-17,73.52,-0.6242483248382169
2021-12-20,71.91,-0.9278469340709861
2021-12-21,74.67,1.6054912454191106
2021-12-22,74.95,0.16030228430754523
2021-12-23,73.31,-0.9374106887682254
2021-12-24,70.16,-1.8175523628180645
2021-12-27,70.63,0.2762106252938379
2021-12-28,72.67,1.1955693606048312
2021-12-29,72.95,0.1621590316789101
2021-12-30,73.78,0.4799074877132048
2021-12-31,75.66,1.0818275981125502
2022-01-04,77.15,0.8482295343276824
2022-01-05,73.69,-1.9531470505221638
2022-01-06,74.79,0.633312222925908
2022-01-07,71.32,-1.9852394301733467
2022-01-10,71.71,0.22764417464393727
2022-01-11,69.64,-1.205520936462623
2022-01-12,72.63,1.7625560009431718
2022-01-13,70.13,-1.4481839772924832
2022-01-14,69.77,-0.21160289190618187
2022-01-17,72.51,1.6139482829710783
2022-01-18,71.18,-0.7709697988522279
2022-01-19,71.08,-0.0584180394906153
2022-01-20,66.6,-2.6186579378068675
2022-01-21,65.8,-0.4801920768307322
2022-01-24,67.93,1.2846803377563498
2022-01-25,62.43,-3.2751741797177436
2022-01-26,63.86,0.8803792402881205
2022-01-27,58.77,-3.106310264860246
2022-01-28,60.08,0.8250929016816899
2022-02-07,62.16,1.299350324837567
2022-02-08,62.23,0.043167242229902314
2022-02-09,64.51,1.4054120692843508
2022-02-10,61.61,-1.7628107713816843
2022-02-11,57.19,-2.7349792710847143
2022-02-14,57.87,0.4325974934792365
2022-02-15,63.02,3.2621777411794506
2022-02-16,65.25,1.3679303152987377
2022-02-17,66.31,0.6414523449319365
2022-02-18,65.95,-0.21646323131501166
2022-02-21,66.68,0.439891533594472
2022-02-22,64.7,-1.1879049676025932
2022-02-23,71.11,3.8919247115968503
2022-02-24,67.19,-2.2909239670387493
2022-02-25,69.8,1.5610981518033418
2022-02-28,69.75,-0.02944640753828054
2022-03-01,70.65,0.5301914580265077
2022-03-02,69.89,-0.44535599179608143
2022-03-03,67.09,-1.6481252575195726
2022-03-04,65.07,-1.2089293195283957
2022-03-07,59.73,-3.2349912158478267
2022-03-08,54.63,-3.1928879984974623
2022-03-09,52.09,-1.6426307960938913
2022-03-10,55.7,2.3735945821552917
2022-03-11,56.68,0.6294155427103432
2022-03-14,51.82,-3.1018636711769187
2022-03-15,44.0,-5.1508365169279475
2022-03-16,48.28,2.9722222222222427
2022-03-17,54.52,4.208254653358501
2022-03-18,54.91,0.25239451203726837
2022-03-21,56.53,1.0457685107481796
2022-03-22,55.61,-0.5877467578100148
2022-03-23,57.48,1.2017222543538209
2022-03-24,55.42,-1.3081026162052312
2022-03-25,54.19,-0.79140393771715
2022-03-28,52.84,-0.8755431610350861
2022-03-29,49.93,-1.9039518450667314
2022-03-30,54.7,3.181484692856662
2022-03-31,52.53,-1.402714932126703
2022-04-01,51.59,-0.6162722087458272
2022-04-06,50.22,-0.9037535457483981
2022-04-07,46.13,-2.72267341232858
2022-04-08,44.6,-1.0470129336891842
2022-04-11,38.01,-4.557399723374822
2022-04-12,40.15,1.5506122744728623
2022-04-13,35.86,-3.061006064930427
2022-04-14,36.63,0.5667598998969625
2022-04-15,35.8,-0.6074800556246762
2022-04-18,39.97,3.0706921944035237
2022-04-19,39.44,-0.3786525684075004
2022-04-20,37.26,-1.563396442914522
2022-04-21,31.47,-4.218271892758274
2022-04-22,28.92,-1.9396059937628274
2022-04-25,17.15,-9.129692832764514
2022-04-26,12.49,-3.977806231327352
2022-04-27,19.75,6.4539070139568055
2022-04-28,17.04,-2.2630480167014744
2022-04-29,23.55,5.562200956937824
2022-05-05,25.52,1.5944961554026582
2022-05-06,24.86,-0.5258126195028634
2022-05-09,26.28,1.137273746596179
2022-05-10,29.83,2.8112131770668514
2022-05-11,32.72,2.2259878302395286
2022-05-12,34.13,1.0623869801084984
2022-05-13,34.61,0.35786177588907897
2022-05-16,34.89,0.2080083203328087
2022-05-17,35.3,0.3039513677811634
2022-05-18,37.35,1.5151515151515138
2022-05-19,39.0,1.2013105205679109
2022-05-20,41.18,1.568345323740994
2022-05-23,44.5,2.3516078764697523
2022-05-24,37.89,-4.574394463667819
2022-05-25,40.83,2.132134309957223
2022-05-26,41.3,0.33373570972092814
2022-05-27,40.41,-0.6298655343241477
2022-05-30,41.64,0.8760059824798772
2022-05-31,44.12,1.7509178198249264
2022-06-01,45.24,0.7771301693033417
2022-06-02,46.81,1.0809694299091177
2022-06-06,48.64,1.2465090933860168
2022-06-07,47.94,-0.47093649085037104
2022-06-08,47.92,-0.01351899418683411
2022-06-09,45.18,-1.8523526230394882
2022-06-10,47.31,1.4671442347430785
2022-06-13,47.53,0.14934491887854673
2022-06-14,47.52,-0.006778282383246292
2022-06-15,47.39,-0.08812364425163643
2022-06-16,48.26,0.5902707103602634
2022-06-17,49.27,0.6812356670713671
2022-06-20,49.7,0.2880686005225508
2022-06-21,48.73,-0.6479625918503817
2022-06-22,47.19,-1.0354333355745204
2022-06-23,50.06,1.949860724233976
2022-06-24,51.88,1.2128481940557156
2022-06-27,52.74,0.5662365025019822
2022-06-28,54.81,1.3552442058399894
2022-06-29,52.01,-1.8086686906530591
2022-06-30,53.37,0.8946779817117223
2022-07-01,53.24,-0.08476233944056943
2022-07-04,55.14,1.239885147481079
2022-07-05,54.18,-0.6187959262601739
2022-07-06,53.45,-0.4734725645349491
2022-07-07,54.52,0.6972955360052158
2022-07-08,54.88,0.23297954957286482
2022-07-11,53.15,-1.116993801652899
2022-07-12,51.26,-1.2340842311459266
2022-07-13,52.23,0.6412799153775017
2022-07-14,53.0,0.5058135715693357
2022-07-15,50.69,-1.509803921568631
2022-07-18,53.34,1.7585772114937948
2022-07-19,54.28,0.6130168253554391
2022-07-20,55.73,0.9398496240601517
2022-07-21,55.19,-0.3467539973030398
2022-07-22,55.32,0.083768284038932
2022-07-25,54.16,-0.7468452227659017
2022-07-26,55.36,0.7784120394395355
2022-07-27,56.19,0.5342430484037264
2022-07-28,56.58,0.2496958832191476
2022-07-29,55.68,-0.5747860518584669
2022-08-01,56.23,0.35328879753340203
2022-08-02,51.06,-3.3092235806183146
2022-08-03,50.4,-0.4369124851052675
2022-08-04,53.21,1.8683510638297873
2022-08-05,55.31,1.3706677109849297
2022-08-08,56.98,1.075268817204278
2022-08-09,57.44,0.29303095935788726
2022-08-10,58.3,0.5462398373983657
2022-08-11,59.55,0.7896399241945629
2022-08-12,59.48,-0.04387339392040168
2022-08-15,60.64,0.727363932781544
2022-08-16,61.38,0.4606573705179251
2022-08-17,61.82,0.27264840748544295
2022-08-18,60.97,-0.52527499691013
2022-08-19,60.37,-0.3727402621606646
2022-08-22,64.01,2.2697512003492015
2022-08-23,64.73,0.4389976220962266
2022-08-24,60.58,-2.5192739634553596
2022-08-25,60.36,-0.13700336280979553
2022-08-26,59.41,-0.5924170616113833
2022-08-29,60.82,0.8845116366601902
2022-08-30,60.51,-0.19276209426688506
2022-08-31,56.39,-2.566818266774662
2022-09-01,55.27,-0.7161583221433343
2022-09-02,56.39,0.7213241450376495
2022-09-05,56.57,0.11509687320163664
2022-09-06,58.52,1.245449319793046
2022-09-07,59.01,0.3091092606611223
2022-09-08,58.0,-0.6351801773473387
2022-09-09,57.87,-0.08227848101266533
2022-09-13,57.58,-0.18369544561980256
2022-09-14,56.62,-0.6092143673055106
2022-09-15,52.24,-2.7965777039969275
2022-09-16,50.04,-1.4450867052023142
2022-09-19,48.52,-1.0130631831511527
2022-09-20,51.67,2.12092647454889
2022-09-21,50.33,-0.883497065998573
2022-09-22,50.41,0.05321625756669057
2022-09-23,47.27,-2.0876271524499668
2022-09-26,47.11,-0.10864398723433588
2022-09-27,51.78,3.1744952756440625
2022-09-28,46.77,-3.300830148899725
2022-09-29,47.08,0.2112148259181046
2022-09-30,43.78,-2.2436769105248944
2022-10-10,39.57,-2.9280845736541994
2022-10-11,40.08,0.3654080389768666
2022-10-12,46.2,4.3689320388349495
2022-10-13,47.19,0.6771545827633396
2022-10-14,51.44,2.8874244174196706
2022-10-17,53.64,1.4527205493924944
2022-10-18,53.85,0.13668315542827436
2022-10-19,52.14,-1.1114722131946753
2022-10-20,52.38,0.15774944130406698
2022-10-21,51.86,-0.3412521328258311
2022-10-24,49.89,-1.2972474647701904
2022-10-25,49.96,0.046700914003605654
2022-10-26,52.6,1.7604694585222624
2022-10-27,50.92,-1.1009174311926717
2022-10-28,44.35,-4.353299761463014
2022-10-31,45.46,0.7689643228264709
2022-11-01,50.58,3.519868004949811
2022-11-02,54.77,2.7825740470182048
2022-11-03,56.0,0.794727660399297
2022-11-04,59.9,2.499999999999991
2022-11-07,61.08,0.7379612257661039
2022-11-08,60.98,-0.06208095356345922
2022-11-09,60.78,-0.12423903590507157
2022-11-10,59.97,-0.5037940042293965
2022-11-11,61.09,0.7001312746139909
2022-11-14,60.47,-0.38487801849897973
2022-11-15,63.2,1.7012525705739412
2022-11-16,62.99,-0.12867647058822929
2022-11-17,63.96,0.5951285354929725
2022-11-18,62.65,-0.7989753598438676
2022-11-21,62.47,-0.11066707654473484
2022-11-22,60.92,-0.954022281036504
2022-11-23,60.51,-0.25478498632861557
2022-11-24,60.95,0.27412622266527187
2022-11-25,60.07,-0.5467536502019366
2022-11-28,59.17,-0.5622540138689347
2022-11-29,61.11,1.218822642457762
2022-11-30,60.48,-0.39103717956675554
2022-12-01,61.75,0.7913758723828712
2022-12-02,62.35,0.37094281298297727
2022-12-05,63.94,0.9793655682168279
2022-12-06,63.52,-0.2561912894961549
2022-12-07,63.59,0.042808219178080975
2022-12-08,63.26,-0.20172382174948877
2022-12-09,62.97,-0.17763077300011476
2022-12-12,62.02,-0.5829293735043262
2022-12-13,61.55,-0.29008764350081373
2022-12-14,61.07,-0.2971216341689842
2022-12-15,60.82,-0.15521201961880005
2022-12-16,59.2,-1.0073373958462861
2022-12-19,56.19,-1.8907035175879439
2022-12-20,55.1,-0.6978679813048116
2022-12-21,53.93,-0.7543520309477914
2022-12-22,52.67,-0.8185538881309684
2022-12-23,52.71,0.02620030130346951
2022-12-26,57.08,2.8616331608932066
2022-12-27,59.01,1.2286732874968287
2022-12-28,57.47,-0.968492547638522
2022-12-29,56.83,-0.4064266209436673
2022-12-30,57.41,0.3698272014283077
2023-01-03,59.98,1.6326789911695672
2023-01-04,60.61,0.39379922490310193
2023-01-05,61.31,0.43583836622873573
2023-01-06,60.75,-0.3471576467670934
2023-01-09,60.87,0.07465007776050747
2023-01-10,60.44,-0.26729657487412073
2023-01-11,58.7,-1.084517576664168
2023-01-12,59.1,0.2520478890989164
2023-01-13,59.44,0.2137020741671769
2023-01-16,60.37,0.5832915203211275
2023-01-17,60.24,-0.08106254286960324
2023-01-18,60.79,0.3432351472790751
2023-01-19,61.78,0.6157099322097181
2023-01-20,62.36,0.3585115589071819
2023-01-30,64.2,1.1332840601133043
2023-01-31,64.75,0.3349573690621277
2023-02-01,67.51,1.6752655538694983
2023-02-02,67.66,0.0895468927228249
2023-02-03,67.54,-0.07157342240247111
2023-02-06,67.54,0.0
2023-02-07,69.31,1.0564641279694253
2023-02-08,68.25,-0.6260705215285545
2023-02-09,69.88,0.9687964338781496
2023-02-10,70.07,0.11184365434424581
2023-02-13,71.01,0.55271358852238
2023-02-14,71.23,0.12864744751768242
2023-02-15,71.27,0.023360392454585543
2023-02-16,67.6,-2.1428154376131214
2023-02-17,67.44,-0.09546539379474694
2023-02-20,69.62,1.3019589106545881
2023-02-21,70.5,0.5188067444876765
2023-02-22,70.15,-0.2052785923753686
2023-02-23,69.6,-0.32324419629738976
2023-02-24,69.38,-0.12971698113207752
2023-02-27,68.01,-0.808832211595234
2023-02-28,69.39,0.8213796797809758
2023-03-01,70.19,0.47228289745557817
2023-03-02,70.46,0.15864621893177944
2023-03-03,70.95,0.28745746802769645
2023-03-06,70.36,-0.34513015501608235
2023-03-07,68.2,-1.2679032636769283
2023-03-08,69.35,0.6837098692033194
2023-03-09,69.33,-0.011809861234113317
2023-03-10,66.9,-1.4350676194413214
2023-03-13,67.17,0.16177351707609144
2023-03-14,65.24,-1.154513369623733
2023-03-15,68.14,1.7550229968530617
2023-03-16,65.66,-1.4749613417390228
2023-03-17,66.43,0.4648074369189903
2023-03-20,65.99,-0.26437541308659274
2023-03-21,67.15,0.6988372793541808
2023-03-22,67.78,0.37690696978760485
2023-03-23,67.44,-0.2026463225652697
2023-03-24,67.42,-0.011944577161970837
2023-03-27,66.45,-0.5793811969896145
2023-03-28,65.36,-0.6548513066987005
2023-03-29,64.24,-0.6773101112723778
2023-03-30,63.21,-0.6271310277642494
2023-03-31,64.9,1.0354757674162274
2023-04-03,65.52,0.3759854457246803
2023-04-04,64.39,-0.6826969550507545
2023-04-06,63.56,-0.5048968915383978
2023-04-07,64.43,0.5319148936170137
2023-04-10,63.39,-0.6324879888098267
2023-04-11,63.58,0.11628618642511857
2023-04-12,63.97,0.23841545421199317
2023-04-13,64.02,0.030493382935903313
2023-04-14,64.78,0.4633581270576892
2023-04-17,66.26,0.8981672533074248
2023-04-18,65.62,-0.38493925177432997
2023-04-19,65.15,-0.2837821519140249
2023-04-20,64.27,-0.5328489252194979
2023-04-21,61.37,-1.7653862543373644
2023-04-24,60.94,-0.2664683646278809
2023-04-25,56.91,-2.5040387722132462
2023-04-26,60.88,2.5301128035179365
2023-04-27,61.29,0.2548483341621166
2023-04-28,64.59,2.046004092008191
2023-05-04,65.38,0.4799805577495375
2023-05-05,63.42,-1.1851493530051993
2023-05-08,62.69,-0.4467017500917825
2023-05-09,59.43,-2.003810928760219
2023-05-10,61.41,1.2419243555165327
2023-05-11,62.88,0.9107242426119821
2023-05-12,60.93,-1.1972003929273112
2023-05-15,62.13,0.7456658174361586
2023-05-16,60.35,-1.0978844137420785
2023-05-17,62.2,1.1537262238852541
2023-05-18,61.95,-0.15413070283599728
2023-05-19,61.79,-0.09879592466809362
2023-05-22,62.76,0.5995426169726148
2023-05-23,62.53,-0.141312361759649
2023-05-24,61.85,-0.41838429828339185
2023-05-25,61.27,-0.35835650293482013
2023-05-26,61.29,0.012401562596875415
2023-05-29,58.73,-1.5872031744063486
2023-05-30,58.97,0.15120015120015928
2023-05-31,59.2,0.1446813864251162
2023-06-01,58.82,-0.2386934673366814
2023-06-02,61.41,1.6307769802291983
2023-06-05,63.04,1.0098506907874283
2023-06-06,60.37,-1.6376349362119735
2023-06-07,61.96,0.9914572550975942
2023-06-08,61.36,-0.3704618424302475
2023-06-09,61.63,0.16732771442737882
2023-06-12,62.49,0.5320794406978857
2023-06-13,63.4,0.5600344636592869
2023-06-14,64.01,0.373317013463903
2023-06-15,63.84,-0.10365221632826493
2023-06-16,65.27,0.8728027343749778
2023-06-19,64.23,-0.6292733103406389
2023-06-20,62.34,-1.1508250624124639
2023-06-21,60.55,-1.1026241222126587
2023-06-26,58.55,-1.2457178449081119
2023-06-27,61.83,2.0687480290129345
2023-06-28,60.75,-0.6673669900512991
2023-06-29,61.23,0.2986003110419855
2023-06-30,63.27,1.2652732121813726
2023-07-03,65.13,1.1392172475041207
2023-07-04,66.06,0.5631926361048922
2023-07-05,65.89,-0.10237263639648608
2023-07-06,65.49,-0.24112363614443577
2023-07-07,65.02,-0.2840050758354029
2023-07-10,64.69,-0.19997576051387078
2023-07-11,65.9,0.7347137045357943
2023-07-12,64.05,-1.1151295961422614
2023-07-13,64.42,0.22554099359952673
2023-07-14,64.7,0.17029558447876347
2023-07-17,65.21,0.30965391621129434
2023-07-18,65.93,0.43580897040131905
2023-07-19,66.81,0.5303441210148918
2023-07-20,66.42,-0.23379893291768372
2023-07-21,67.15,0.43864920081719827
2023-07-24,67.13,-0.011965300628180575
2023-07-25,69.49,1.4120744330760493
2023-07-26,71.24,1.0325092925836277
2023-07-27,71.08,-0.09343611305769883
2023-07-28,73.12,1.1924245966799196
2023-07-31,75.45,1.3458872458410376
2023-08-01,76.34,0.5072670276431879
2023-08-02,75.62,-0.4083021435862477
2023-08-03,76.06,0.2505409406673431
2023-08-04,75.05,-0.5736680677042028
2023-08-07,73.1,-1.1139674378748965
2023-08-08,72.58,-0.3004043905256992
2023-08-09,71.43,-0.6663576312434749
2023-08-10,72.09,0.38499679169339274
2023-08-11,69.36,-1.5863792201754823
2023-08-14,69.65,0.1712328767123239
2023-08-15,69.23,-0.24756852343058577
2023-08-16,68.17,-0.6263664834840088
2023-08-17,69.34,0.6957245644288568
2023-08-18,67.42,-1.1338136293846723
2023-08-21,66.32,-0.6570302233902869
2023-08-22,67.0,0.4088504088504141
2023-08-23,63.64,-2.011976047904185
2023-08-24,63.84,0.12221950623318989
2023-08-25,61.55,-1.397705078125011
2023-08-28,61.62,0.043330238316330316
2023-08-29,69.04,4.591015963370859
2023-08-30,71.76,1.6090866067203002
2023-08-31,70.9,-0.5006986492780641
2023-09-01,70.7,-0.1170275014628408
2023-09-04,72.19,0.8728763913298243
2023-09-05,71.28,-0.5284859747952786
2023-09-06,71.45,0.09925268566091106
2023-09-07,68.62,-1.6506270049577276
2023-09-08,68.54,-0.04744395682599878
2023-09-11,69.74,0.711997152011401
2023-09-12,69.22,-0.3063508895958411
2023-09-13,67.88,-0.7918685734546904
2023-09-14,67.04,-0.5003573981415155
2023-09-15,66.64,-0.23946360153258572
2023-09-18,66.63,-0.006000960153607071
2023-09-19,65.53,-0.660145231951037
2023-09-20,64.43,-0.6645321089832623
2023-09-21,63.56,-0.5291005291005235
2023-09-22,66.03,1.5101491807287593
2023-09-25,65.09,-0.5661627416731818
2023-09-26,64.28,-0.49064146829002064
2023-09-27,64.39,0.06695885074263774
2023-09-28,65.02,0.3832349899628884
2023-10-09,63.47,-0.9392800872621399
2023-10-10,62.75,-0.4404477885850633
2023-10-11,62.98,0.14132104454684935
2023-10-12,63.46,0.29451466437599993
2023-10-13,62.85,-0.37317998287043075
2023-10-16,61.86,-0.6079214000614064
2023-10-17,61.21,-0.4015816137402761
2023-10-18,58.31,-1.798895850133364
2023-10-19,56.24,-1.307561114269462
2023-10-20,54.87,-0.8768561187916024
2023-10-23,51.09,-2.4407567637373284
2023-10-24,53.86,1.8333443642861935
2023-10-25,56.04,1.416872481476661
2023-10-26,55.59,-0.288387592924888
2023-10-27,57.49,1.22115817211903
2023-10-30,58.11,0.39367578893898525
2023-10-31,58.07,-0.025298842577947678
2023-11-01,58.55,0.30366293414310075
2023-11-02,57.66,-0.5613371176285131
2023-11-03,57.52,-0.08879868070530428
2023-11-06,59.16,1.0411376333163913
2023-11-07,59.66,0.3141492837396287
2023-11-08,60.03,0.23174245271202487
2023-11-09,59.01,-0.6373804911579017
2023-11-10,59.13,0.07546695176403606
2023-11-13,60.67,0.9677622070005665
2023-11-14,60.62,-0.031119686313574313
2023-11-15,61.16,0.33619723571163274
2023-11-16,60.63,-0.3288657235045789
2023-11-17,61.61,0.6100977401481522
2023-11-20,62.92,0.8105934038735274
2023-11-21,62.48,-0.27007120058923917
2023-11-22,61.61,-0.535450516986713
2023-11-23,62.79,0.7301528370769139
2023-11-24,61.62,-0.7187173659315538
2023-11-27,61.15,-0.2908055933671716
2023-11-28,61.77,0.384734719205726
2023-11-29,60.91,-0.5316189651975112
2023-11-30,60.51,-0.24858616617985385
2023-12-01,61.58,0.6666251323905081
2023-12-04,62.07,0.3032553533853122
2023-12-05,59.81,-1.3944591843030762
2023-12-06,60.59,0.4880795945184868
2023-12-07,60.32,-0.16813002054922865
2023-12-08,57.89,-1.5157185628742464
2023-12-11,58.97,0.6840205206156247
2023-12-12,60.54,0.9876077247279236
2023-12-13,59.76,-0.4858602217515884
2023-12-14,60.49,0.4569354031046524
2023-12-15,60.39,-0.06230917814195047
2023-12-18,58.15,-1.3965957977429833
2023-12-19,57.89,-0.1644008852355494
2023-12-20,56.26,-1.0323643042624564
2023-12-21,57.52,0.806348393702816
2023-12-22,54.88,-1.6759776536312998
2023-12-25,54.09,-0.51007231404957
2023-12-26,54.61,0.3374651177882937
2023-12-27,57.09,1.6040359614514
2023-12-28,57.88,0.5028964287987714
2023-12-29,61.72,2.4322270078540598
2024-01-02,62.3,0.3586445708632313
2024-01-03,62.06,-0.14787430683917968
2024-01-04,61.69,-0.22831050228310223
2024-01-05,59.73,-1.2121961778712387
2024-01-08,56.74,-1.8719088461779165
2024-01-09,57.31,0.3636595636085316
2024-01-10,56.24,-0.6801856207488521
2024-01-11,58.11,1.1968766001023923
2024-01-12,57.24,-0.550249826070448
2024-01-15,57.12,-0.07631645891631456
2024-01-16,56.38,-0.4709775967413399
2024-01-17,52.7,-2.353242102570663
2024-01-18,52.04,-0.4322200392927411
2024-01-19,50.25,-1.1773217574322592
2024-01-22,41.3,-5.956738768718795
2024-01-23,42.71,0.9978768577494801
2024-01-24,43.17,0.3223320019620113
2024-01-25,48.51,3.7298316686456667
2024-01-26,47.02,-1.0032994411150908
2024-01-29,41.58,-3.7001768466875307
2024-01-30,36.75,-3.4114987992654333
2024-01-31,28.52,-6.018281535648984
2024-02-01,27.15,-1.0659819483348931
2024-02-02,19.56,-5.969327565867088
2024-02-05,4.95,-12.21980595516895
2024-02-06,7.22,2.1629347308242064
2024-02-07,1.02,-5.782503264316363
2024-02-08,11.09,9.968323104335774
2024-02-19,19.06,7.174363128994488
2024-02-20,23.42,3.662019150008411
2024-02-21,28.89,4.432020742181164
2024-02-22,34.81,4.5930638528978385
2024-02-23,41.27,4.791929382093318
2024-02-26,45.08,2.696963261839036
2024-02-27,49.62,3.129307968017647
2024-02-28,40.52,-6.082074588958697
2024-02-29,46.15,4.006547110731562
2024-03-01,48.04,1.2931919261033098
2024-03-04,47.47,-0.3850310726830619
2024-03-05,43.93,-2.400488234895226
2024-03-06,46.76,1.9662335857708602
2024-03-07,46.23,-0.3611338239302264
2024-03-08,47.29,0.7248854544211314
2024-03-11,51.35,2.756466834136728
2024-03-12,54.63,2.1671622068054175
2024-03-13,54.67,0.0258682015132905
2024-03-14,53.9,-0.49783409840303827
2024-03-15,57.18,2.1312540610786135
2024-03-18,60.25,1.9531747041608316
2024-03-19,60.27,0.012480499219957863
2024-03-20,62.7,1.5161914269669952
2024-03-21,63.55,0.5224339274738643
2024-03-22,61.11,-1.4918985019871545
2024-03-25,57.56,-2.2034634721618707
2024-03-26,57.62,0.038080731150036407
2024-03-27,52.37,-3.330795584316726
2024-03-28,56.24,2.539870053160076
2024-03-29,58.44,1.4080901177675464
2024-04-01,61.74,2.0828073718757834
2024-04-02,62.55,0.5008037591195835
2024-04-03,62.45,-0.06151953245154829
2024-04-08,60.05,-1.4773776546629924
2024-04-09,61.17,0.699781318338033
2024-04-10,58.45,-1.6876589936092312
2024-04-11,58.81,0.22720100978226299
2024-04-12,58.07,-0.4659656192934958
2024-04-15,53.44,-2.9290820522553274
2024-04-16,39.83,-8.869916579770598
2024-04-17,52.27,8.896517199456477
2024-04-18,50.9,-0.8997176068825108
2024-04-19,48.02,-1.9085487077534768
2024-04-22,45.98,-1.378192136197809
2024-04-23,49.28,2.260583641594738
2024-04-24,52.93,2.4450696677384975
2024-04-25,54.49,1.0200745439089776
2024-04-26,56.51,1.3075279953394858
2024-04-29,63.1,4.2105935722956955
2024-04-30,62.36,-0.45370938074800193
2024-05-06,64.12,1.0840108401083848
2024-05-07,63.64,-0.2924689251766921
2024-05-08,62.01,-0.9960889758005465
2024-05-09,63.03,0.6295907660021083
2024-05-10,61.38,-1.01208366558303
2024-05-13,58.15,-2.001487173131722
2024-05-14,60.09,1.2266835282959132
2024-05-15,59.96,-0.08120432256855104
2024-05-16,61.05,0.6814203550887576
2024-05-17,62.55,0.9313877677739724
2024-05-20,62.1,-0.2768378960319895
2024-05-21,60.95,-0.7094386181369483
2024-05-22,61.13,0.11183597390491684
2024-05-23,57.46,-2.2776639980140234
2024-05-24,57.54,0.0508065540454794
2024-05-27,57.63,0.05712834835596148
2024-05-28,55.65,-1.2561060711793415
2024-05-29,55.33,-0.2055894635399902
2024-05-30,54.32,-0.6502285456769452
2024-05-31,54.74,0.27216174183515296
2024-06-03,49.63,-3.3023135582267105
2024-06-04,47.06,-1.7175700060148236
2024-06-05,44.75,-1.5707874337005379
2024-06-06,35.85,-6.148531951640757
2024-06-07,41.23,3.960250276039745
2024-06-11,41.99,0.538129292643208
2024-06-12,46.1,2.8945700401436847
2024-06-13,44.08,-1.3826146475017231
2024-06-14,44.01,-0.04858411993337031
2024-06-17,42.34,-1.1596416915491958
2024-06-18,45.6,2.2902908528874555
2024-06-19,45.58,-0.013736263736263687
2024-06-20,40.88,-3.2284654485506215
2024-06-21,39.95,-0.6601362862010296
2024-06-24,33.65,-4.5016077170418
2024-06-25,33.42,-0.1720912832023913
2024-06-26,37.81,3.2903612651776326
2024-06-27,35.04,-2.010013787098186
2024-06-28,33.82,-0.9034360189573487
2024-07-01,35.58,1.3151995217456136
2024-07-02,39.66,3.009293406107094
2024-07-03,41.9,1.6038951739939966
2024-07-04,36.82,-3.5799859055672956
2024-07-05,39.87,2.2292062563952664
2024-07-08,35.14,-3.3817115893329586
2024-07-09,35.17,0.022199200828776355
2024-07-10,33.28,-1.3982392542724043
2024-07-11,39.33,4.539315726290516
2024-07-12,40.21,0.6315940572740875
2024-07-15,38.0,-1.5762071178945902
2024-07-16,38.92,0.6666666666666821
2024-07-17,38.47,-0.32392744025337983
2024-07-18,38.21,-0.187766303170378
2024-07-19,39.01,0.5788293177049431
2024-07-22,40.85,1.3236457808790902
2024-07-23,38.77,-1.4767483138090065
2024-07-24,36.09,-1.9312531526987198
2024-07-25,37.2,0.8156367110000895
2024-07-26,39.57,1.7274052478134072
2024-07-29,39.95,0.27226481335531627
2024-07-30,41.6,1.1789924973204746
2024-07-31,46.69,3.594632768361583
2024-08-01,47.12,0.2931351830390838
2024-08-02,46.53,-0.40103317020119267
2024-08-05,44.44,-1.426329079369426
2024-08-06,46.93,1.7238991968983708
2024-08-07,47.01,0.05444769618185852
2024-08-08,48.22,0.8230732603224267
2024-08-09,47.15,-0.7218998785588959
2024-08-12,45.63,-1.0329595650696466
2024-08-13,46.35,0.4944036256265827
2024-08-14,45.85,-0.3416467372736709
2024-08-15,46.92,0.733630442235178
2024-08-16,45.61,-0.8916417097740381
2024-08-19,45.6,-0.006867660188170088
2024-08-20,43.4,-1.5109890109890167
2024-08-21,43.28,-0.08368200836819106
2024-08-22,42.34,-0.6560580681183703
2024-08-23,41.78,-0.39342419558803243
2024-08-26,42.76,0.691211736493158
2024-08-27,41.34,-0.9946763799383529
2024-08-28,41.92,0.4103580019810371
2024-08-29,43.4,1.0428410372040453
2024-08-30,46.19,1.9456066945606754
2024-09-02,44.09,-1.4364867638005263
2024-09-03,46.07,1.3741411617739008
2024-09-04,44.32,-1.1980557267063818
2024-09-05,45.49,0.8106984478935653
2024-09-06,43.37,-1.457144820949896
2024-09-09,43.39,0.013949919787958898
2024-09-10,43.72,0.23014157193668172
2024-09-11,42.55,-0.8140829390481552
2024-09-12,42.93,0.26657313223430457
2024-09-13,41.54,-0.9725040229482951
2024-09-18,40.33,-0.8548820121520473
2024-09-19,43.55,2.2945913204589274
2024-09-20,42.93,-0.43190525949146075
2024-09-23,43.08,0.10494647729657469
2024-09-24,47.91,3.375733855185903
2024-09-25,50.76,1.9268474072070996
2024-09-26,55.88,3.396126293446544
2024-09-27,60.15,2.7392866307415886
2024-09-30,71.74,7.236965344989055
2024-10-08,76.89,2.9987189938278647
2024-10-09,63.63,-7.496184069195544
2024-10-10,64.54,0.5561327384953962
2024-10-11,60.16,-2.6619666950285725
2024-10-14,63.43,2.0417082917083107
2024-10-15,61.37,-1.2604784923208712
2024-10-16,63.15,1.1030550907851433
2024-10-17,61.24,-1.170701808151997
2024-10-18,63.64,1.4884644008930747
2024-10-21,64.34,0.4277682718161868
2024-10-22,67.04,1.642935377875121
2024-10-23,68.21,0.7004310344827402
2024-10-24,70.01,1.0700909577314066
2024-10-25,73.44,2.0175283806834976
2024-10-28,79.62,3.5631918819188257
2024-10-29,77.22,-1.3361541031065571
2024-10-30,79.62,1.3542489560997684
2024-10-31,82.21,1.4419329696024885
2024-11-01,78.83,-1.8550024696778356
2024-11-04,82.07,1.8117765475591296
2024-11-05,86.54,2.455099686933604
2024-11-06,89.08,1.3616382545298622
2024-11-07,94.73,2.988153162682461
2024-11-08,94.81,0.041082524521129926
2024-11-11,98.0,1.637492941840768
2024-11-12,97.6,-0.20202020202020332
2024-11-13,97.14,-0.23279352226720507
2024-11-14,94.53,-1.323932230901903
2024-11-15,91.0,-1.814630134169526
2024-11-18,87.44,-1.863874345549743
2024-11-19,90.14,1.440460947503186
2024-11-20,94.7,2.398232881035023
2024-11-21,96.62,0.9861325115562369
2024-11-22,92.07,-2.3141084325094097
2024-11-25,95.37,1.7181236007705492
2024-11-26,95.16,-0.1074883554281647
2024-11-27,96.04,0.450912072145937
2024-11-28,97.99,0.9946949602122057
2024-11-29,99.17,0.5959896964493172
2024-12-02,103.71,2.279459757995661
2024-12-03,105.0,0.6332531539934294
2024-12-04,101.85,-1.5365853658536488
2024-12-05,103.95,1.0403765172157797
2024-12-06,108.27,2.1181662172100824
2024-12-09,108.76,0.235271522542857
2024-12-10,107.89,-0.41674650316153583
2024-12-11,111.12,1.5537062869787066
2024-12-12,113.92,1.3262599469495928
2024-12-13,110.1,-1.7857142857142794
2024-12-16,112.47,1.128034269395517
2024-12-17,104.76,-3.628747587894754
2024-12-18,105.1,0.16604805626099228
2024-12-19,103.88,-0.594831789371042
2024-12-20,105.09,0.5934863645281396
2024-12-23,96.98,-3.9543614998293397
2024-12-24,96.83,-0.07614986293025261
2024-12-25,92.22,-2.3421226439058973
2024-12-26,96.98,2.4763292061179776
2024-12-27,100.1,1.583917148949121
2024-12-30,98.12,-0.9895052473762989
2024-12-31,96.25,-0.9438724005653265
2025-01-02,93.55,-1.3757961783439465
2025-01-03,83.95,-4.959958667011099
2025-01-06,81.18,-1.505843979342214
2025-01-07,87.8,3.653824925488469
2025-01-08,88.38,0.3088391906283183
2025-01-09,90.0,0.8599639027497608
2025-01-10,83.16,-3.600000000000003
2025-01-13,84.58,0.7752784450753447
2025-01-14,94.75,5.509806046158849
2025-01-15,93.87,-0.45186136071886374
2025-01-16,95.74,0.9645638830143799
2025-01-17,94.68,-0.54153468887298
2025-01-20,96.1,0.7294020957468561
2025-01-21,94.2,-0.9688934217235934
2025-01-22,92.19,-1.0350154479917717
2025-01-23,91.17,-0.530724803579774
2025-01-24,91.2,0.01569283883453565
2025-01-27,90.26,-0.49163179916317246
2025-02-05,92.19,1.0144013455271716
2025-02-06,95.65,1.8003017846922376
2025-02-07,98.09,1.247124968055191
2025-02-10,102.22,2.0849108990862675
2025-02-11,101.31,-0.45000494510927247
2025-02-12,101.51,0.09934926233174934
2025-02-13,100.03,-0.7344548657634897
2025-02-14,99.2,-0.4149377593361092
2025-02-17,102.27,1.5411646586345418
2025-02-18,98.09,-2.066544717456853
2025-02-19,100.78,1.357968600131243
2025-02-20,101.78,0.4980575754557348
2025-02-21,101.09,-0.34195658638119797
2025-02-24,102.25,0.5768561340693035
2025-02-25,101.1,-0.5686032138442432
2025-02-26,102.79,0.8403779214321005
2025-02-27,103.03,0.11834903101732852
2025-02-28,98.81,-2.0785105649411384
2025-03-03,99.07,0.13077812987274395
2025-03-04,100.85,0.8941578339277445
2025-03-05,100.97,0.059746079163569554
2025-03-06,102.26,0.6418868487833906
2025-03-07,102.07,-0.09393849500642926
2025-03-10,103.06,0.4899292324441973
2025-03-11,103.37,0.15266423717128497
2025-03-12,103.53,0.07867433741457486
2025-03-13,102.61,-0.4520218149658639
2025-03-14,105.64,1.4954839346527748
2025-03-17,106.2,0.27232056020229933
2025-03-18,106.59,0.18913676042675576
2025-03-19,105.64,-0.4598480081320466
2025-03-20,105.41,-0.11184594436879358
2025-03-21,102.8,-1.2706294727617973
2025-03-24,99.63,-1.5631163708086815
2025-03-25,99.13,-0.25046335721085056
2025-03-26,99.38,0.12554612564656953
2025-03-27,98.27,-0.5567258501354089
2025-03-28,95.94,-1.1751651787965889
2025-03-31,94.25,-0.8625089313055057
2025-04-01,95.28,0.530244530244528
2025-04-02,95.61,0.16898811962311466
2025-04-03,94.72,-0.4549869638566517
2025-04-07,75.8,-9.716516023007394
2025-04-08,75.62,-0.10238907849827728
2025-04-09,82.11,3.6954788748434053
2025-04-10,89.76,4.200757783757081
2025-04-11,92.49,1.4386593591905417
2025-04-14,98.12,2.9248272637539596
2025-04-15,98.45,0.16656571774682494
2025-04-16,93.87,-2.3078861174099297
2025-04-17,93.34,-0.273379068447932
2025-04-18,93.79,0.23275059480707405
2025-04-21,97.53,1.9299241446927073
2025-04-22,96.34,-0.6024401356755971
2025-04-23,98.36,1.0288275440562211
2025-04-24,94.75,-1.8199233716475138
2025-04-25,94.36,-0.20025673940949895
2025-04-28,90.66,-1.9036838855731597
2025-04-29,91.44,0.40910521346899653
2025-04-30,93.66,1.1596322607605458
2025-05-06,98.37,2.4320974904471937
2025-05-07,100.07,0.8569844230478463
2025-05-08,103.08,1.5044734342980037
2025-05-09,102.62,-0.22651171951939553
2025-05-12,104.66,1.0068107787977176
2025-05-13,104.67,0.004886152643424069
2025-05-14,104.61,-0.029315483461178626
2025-05-15,105.06,0.21993059967744255
2025-05-16,104.85,-0.10240905100947773
2025-05-19,108.95,2.0014644862094366
2025-05-20,110.41,0.6987317540081195
2025-05-21,111.38,0.4610047050995769
2025-05-22,109.09,-1.0833569874160287
2025-05-23,106.22,-1.3726146635420267
2025-05-26,108.17,0.9455920861216383
2025-05-27,110.0,0.8790892059374444
2025-05-28,109.43,-0.271428571428578
2025-05-29,111.74,1.1029938404240047
2025-05-30,110.25,-0.7036932086521119
2025-06-03,110.8,0.261593341260391
2025-06-04,112.61,0.8586337760911
2025-06-05,111.9,-0.3339447815248753
2025-06-06,113.31,0.6654082114204707
2025-06-09,114.97,0.778210116731537
2025-06-10,113.63,-0.6233427920175005
2025-06-11,114.85,0.5710808407058954
2025-06-12,114.56,-0.13497789155224593
2025-06-13,110.17,-2.0460477255779153
2025-06-16,111.37,0.5709663605652615
2025-06-17,111.42,0.023655201778871593
2025-06-18,109.59,-0.8655756314445151
2025-06-19,105.86,-1.7796650603559394
2025-06-20,103.78,-1.0103954143592886
2025-06-23,106.6,1.3838453233879777
2025-06-24,110.52,1.8973862536302066
2025-06-25,110.34,-0.08550256507696696
2025-06-26,109.99,-0.1663972615764897
2025-06-27,110.47,0.22858231344351498
2025-06-30,110.56,0.04276143868482407
2025-07-01,110.78,0.10448328267478324
2025-07-02,111.03,0.11860707847044516
2025-07-03,111.86,0.39330900819787296
2025-07-04,110.2,-0.7835362975549653
2025-07-07,111.5,0.6184586108468171
2025-07-08,113.11,0.7612293144207971
2025-07-09,112.89,-0.10323307212238841
2025-07-10,114.43,0.7233782704683334
2025-07-11,114.4,-0.013990579676359527
2025-07-14,115.69,0.6016791044776149
2025-07-15,112.64,-1.4140664843061757
2025-07-16,113.18,0.25395033860045046
2025-07-17,113.24,0.02814522938359154
2025-07-18,113.2,-0.018758206715419057
2025-07-21,116.44,1.5196998123827132
